Soil_Moisture,Ambient_Temperature,Soil_Temperature,Humidity,Light_Intensity,Soil_pH,Nitrogen_Level,Phosphorus_Level,Potassium_Level,Chlorophyll_Content,Electrochemical_Signal,Plant_Health_Status
27.52110877,22.24024536,21.90043536,55.2919039,556.1728051,5.581954516,10.00364972,45.80685203,39.07619903,35.70300571,0.941402146,High Stress
14.83556615,21.70676328,18.68089194,63.94918051,596.1367212,7.135704906,30.712562,25.3943926,17.94482607,27.99329577,0.164899361,High Stress
17.08636197,21.18094556,15.39293913,67.83795649,591.1246268,5.656852249,29.33700224,27.57389185,35.70653021,43.64630752,1.081728041,High Stress
15.33615608,22.59330194,22.7783939,58.19081101,241.4124764,5.584522687,16.96662065,26.18070481,26.25774575,37.83809483,1.186087971,High Stress
39.82221603,28.92900106,18.10093728,63.77203577,444.4938296,5.919706876,10.94496067,37.89890673,37.65448346,48.26581159,1.609805188,High Stress
29.20836482,24.36420869,22.55155083,46.39281145,496.2330398,6.157930728,10.06011525,15.61066678,21.78267157,45.05218107,0.034301568,High Stress
16.35140945,23.02289496,17.95034782,56.90621179,454.6392144,7.075570016,28.01088962,32.56459221,39.93465589,49.23293579,1.272920689,High Stress
33.30769696,20.19918572,16.29822055,56.32621696,455.6989746,6.105038904,15.87137891,10.45418188,24.8537266,33.92517763,1.67554481,Moderate Stress
12.72272609,25.46764547,16.69303635,47.54417466,635.0570337,6.487871877,45.63052964,47.45917901,12.45193331,47.75034983,1.391797621,High Stress
13.24464144,27.63668533,23.62016942,65.61576854,393.2477805,5.580117097,44.42299621,39.81111371,38.61301951,35.61351856,0.962508633,High Stress
24.99896013,25.9306236,22.67841216,56.82434202,482.2509998,5.664245676,47.15173742,29.66465528,43.8242091,36.56160003,1.522696311,Moderate Stress
31.60661098,23.99464808,16.14286275,58.53132773,763.5381969,6.278609362,38.99632102,36.36820487,44.16586767,49.12470593,1.877492875,Healthy
23.52604561,19.00049156,22.38428696,57.75413529,436.3746794,7.323472975,37.68127346,33.79822049,13.92725384,44.58031198,1.959886633,Moderate Stress
21.53529606,19.73966999,19.52594533,47.50846028,724.1481607,6.738494159,23.20989199,20.83762928,47.81699295,27.39656391,1.731128951,Moderate Stress
23.78048858,26.49079136,17.82397397,45.87979905,561.1187449,5.832179314,20.6044616,21.87283781,42.60746829,42.01517953,1.987300197,Moderate Stress
28.12275834,27.29581421,19.7517873,52.06643945,515.1991468,5.939420931,38.00608619,46.98617181,20.36898511,42.51299941,0.656406233,Moderate Stress
22.28116693,19.26392676,23.89279652,45.21420852,800.7266096,6.065295849,43.29970174,24.22871732,18.54316374,40.23556772,1.293190933,Moderate Stress
15.20503814,23.63405835,22.75771916,40.83784537,423.1442155,6.151761405,38.02204032,29.99313829,49.61968734,43.20556291,1.542696616,High Stress
39.2429306,29.39285652,19.18860894,61.67028339,203.4998926,6.001141621,19.61770094,24.06266418,24.71117237,36.92425882,0.221543895,Moderate Stress
35.32985582,22.37344683,15.55854894,40.67374638,395.188528,6.019840604,18.30197622,40.10100498,48.28607161,26.75070041,1.072450352,Moderate Stress
37.39698436,28.41618165,23.66326125,63.69918699,735.6818314,6.149846669,43.7009191,23.47129889,19.97797554,29.21447647,1.313238995,Healthy
37.7451699,20.53086817,24.56634697,47.25582511,472.7790052,6.242700171,33.30690852,19.48625691,13.11521116,44.55607687,0.746642685,Healthy
32.70184017,29.19280263,16.43910654,62.82887406,427.2720751,6.452995855,23.64884031,30.76573369,24.03496864,31.95257478,1.988519146,Healthy
39.44635404,24.28970893,19.75106149,50.56190134,319.4868231,6.961696148,41.53746912,31.3466831,25.91164863,49.56668973,0.593445255,Healthy
39.56736709,25.55026655,15.07453776,63.67890896,867.7026545,5.946760308,37.17596018,44.44907062,28.14194879,34.70314134,0.756583252,Healthy
29.54570107,24.80921095,23.91903418,42.01890239,923.2339881,6.602158333,30.02690448,39.64089255,17.25571217,46.12034492,1.55546127,Moderate Stress
15.49995908,26.28278385,24.91343666,40.25984234,677.0739746,6.195533414,41.4251533,44.00169977,47.26958663,32.21050191,0.220836811,High Stress
33.15648147,19.02963705,22.22552692,44.46872632,339.8834703,5.7889043,49.30164714,21.98600516,28.99541767,30.72807954,1.54817442,Healthy
30.79192054,25.18298598,17.59153183,63.92669146,524.9309827,5.983217688,13.60675318,10.92224741,26.29824838,24.92338139,0.696671298,High Stress
13.9091687,21.95147498,19.24578447,42.4098101,508.2548632,6.242033717,48.314877,35.84873975,16.62327439,32.25894963,1.979704908,High Stress
19.06898516,18.89191428,19.23407408,59.99003418,867.1298682,5.919435843,46.39394431,14.80422195,15.70758225,32.87729772,1.348596587,High Stress
39.83876414,21.65353181,17.26562977,69.6872626,607.1387549,6.77622619,35.38871724,25.13496243,49.06148714,20.03956875,0.090813357,Healthy
37.70253751,18.28127088,24.99592885,53.7859033,227.5729366,6.159844269,29.42413419,42.17685464,38.73133015,49.84033984,0.780232309,Healthy
18.13859513,22.06444669,15.79976628,51.53682011,302.876879,6.98295139,11.39136268,24.44849486,29.85192383,37.28947774,0.917520111,High Stress
31.28343148,22.24091207,17.14011202,50.49709371,297.6229175,6.889754289,45.38938799,21.92689524,31.02917684,22.14894165,0.872726908,Healthy
28.41588626,27.42301475,22.4736906,66.14889901,577.371603,6.754105521,39.24288859,11.23995349,18.76113774,41.73820717,0.083466105,Moderate Stress
15.72923671,29.58560023,17.30906341,66.98353089,222.8253017,7.307640824,15.04058479,39.76807705,31.27006441,38.61934351,0.905473484,High Stress
28.08880202,21.5326582,16.23660207,43.60973784,560.0587425,7.378693845,13.35930074,45.15352572,49.47810752,21.96533049,1.563996156,High Stress
29.55269085,24.78499674,20.44359866,50.62575539,735.8495565,5.788171347,14.83536867,31.76172331,34.95129017,47.97653874,0.896671805,High Stress
13.11338285,22.86232524,21.82806809,67.05026738,576.3646455,6.457467303,46.57091887,20.47674442,43.31714065,38.77977458,1.105516748,High Stress
19.30080764,18.08769869,18.61669586,44.80825006,547.1358616,5.945849245,33.87747121,21.34097936,32.21413961,36.12002893,1.903475182,High Stress
32.38367281,29.9908861,20.69802999,68.13763608,711.3437998,7.301299207,38.24624998,13.28724202,23.52999187,32.07930642,0.478127445,Healthy
18.25168678,20.1474183,16.2677636,56.04820926,441.9643934,7.008549142,25.14919259,21.41868795,27.72461616,26.46682444,1.57775289,High Stress
26.53859154,24.98914908,15.21253357,68.02007962,557.6035256,7.256552995,40.8592303,31.28135435,15.20304583,20.9848372,0.779218332,Moderate Stress
31.56279707,23.87187867,23.8435756,54.47405198,305.3381125,7.39981536,40.19293782,26.96035801,11.87137012,40.66913608,1.717480484,Healthy
29.13152395,29.97418749,15.12667509,53.38227753,599.1035872,6.636631744,16.18963649,48.5234476,44.60789226,28.48070664,0.297071658,Moderate Stress
25.34079179,28.8294703,19.0307888,61.67313078,333.8325496,6.796602834,35.0402185,18.33513409,13.8923678,27.3729876,0.790187959,Moderate Stress
39.09417602,28.10853379,17.67872522,47.97210145,327.490014,7.095556368,14.69130037,46.62276502,12.70165821,30.82484419,1.208361763,High Stress
13.90701153,18.91604672,22.58693819,44.43625971,547.9559147,7.337534323,33.65886082,24.22065348,23.04048069,32.95194639,0.488466092,High Stress
24.21651048,22.55603535,18.52653487,67.35308641,443.6550923,6.759092648,30.95662655,43.43994079,26.80310053,22.41177278,0.808322538,Moderate Stress
26.44054757,19.47115783,19.13756016,69.49187236,361.5600383,6.888632617,32.59352905,29.02034986,23.00039913,30.46959131,0.760013089,Moderate Stress
10.95261554,26.73184134,20.91870642,41.14323195,509.3614667,6.052012178,16.79587639,16.06801156,43.50919083,30.07813924,0.733485922,High Stress
10.41624795,23.64197005,21.2969632,52.43883005,584.9485653,5.652429386,35.07267552,16.63740345,32.20993439,48.59186402,0.300229689,High Stress
22.27273443,20.38140881,23.18956743,68.75122088,251.4749214,6.95108817,20.59928648,42.39350179,11.16681978,48.24991257,1.599226878,Moderate Stress
11.42412054,20.77588173,22.22678885,51.03741172,997.7164405,5.871337507,24.67787894,12.76570319,25.39555065,35.60481096,0.584883492,High Stress
19.50777936,25.47068862,22.83113296,60.21570424,841.8691016,5.534522752,46.75954281,24.27404839,22.96222396,21.98725987,1.428208806,High Stress
21.27893436,28.44128785,23.60403404,42.26880351,827.2890608,6.489707123,30.38797075,42.39916334,26.85373477,43.41699512,1.579866587,Moderate Stress
25.17547484,27.28844499,15.25064291,47.18723871,466.4701541,6.636397178,47.53710111,28.17896497,44.10112809,44.16093781,0.027312135,Moderate Stress
26.57864293,18.70349914,23.07217562,58.64233608,446.7431823,6.337736328,30.00625913,35.09936398,26.53183185,41.92522361,0.823095125,Moderate Stress
22.72210718,22.67828323,19.28766887,51.70811446,711.5483344,6.944946063,49.84150705,29.59782481,33.61988699,21.02813932,1.950406851,Moderate Stress
28.09690271,18.30377106,19.90183272,46.59754921,757.1550849,6.176881066,12.36941903,12.55027756,25.52858296,44.87465477,1.243449047,High Stress
32.23443043,28.33192938,22.96159206,63.86715315,540.1039676,6.506164583,22.45649407,44.50710706,48.08255605,24.19874893,1.718530344,Healthy
13.74413384,29.12807686,20.97163406,59.18249327,811.9545888,5.863439445,13.39944978,39.42323185,23.12575863,47.98119977,1.39567582,High Stress
21.9957937,19.08211589,24.43112725,57.71403655,970.4693455,6.861468411,10.97161572,27.38372015,39.23158589,37.854943,0.330715878,High Stress
29.87090334,22.16036853,21.72839897,66.88471579,430.3451671,7.157664173,31.31214965,35.73888605,40.89533706,43.91350757,1.607881714,Moderate Stress
11.57446394,21.61816122,23.51433428,62.76925953,361.8754608,6.064656273,16.95563325,36.77166196,29.64594868,44.57654323,0.338041397,High Stress
11.45315204,21.27421645,19.09373245,62.25665716,383.2490969,5.541294634,16.81942071,23.29464026,13.00114424,32.71493748,1.879360376,High Stress
10.0007236,27.31361459,17.84818491,53.17610378,971.3119326,6.807255798,12.2368359,11.49674662,37.09190724,32.39760541,0.229043477,High Stress
15.22887049,23.93097622,21.24331814,69.89315157,392.7872465,6.729856826,15.06001089,31.71606883,34.7384494,25.53142535,0.971971371,High Stress
15.06349825,26.01136313,24.2196758,43.27074149,342.6251707,6.761367372,33.38714913,16.70647365,45.4167364,47.9452527,0.410812428,High Stress
15.945651,21.19975665,15.5196344,53.93526057,282.4178953,6.760985042,30.36407697,34.70555917,33.22740029,25.2893439,0.185642742,High Stress
26.258954,21.61476078,20.70081736,48.64184152,901.866407,6.231486379,16.01119938,27.94609856,13.4348862,46.50890427,0.228396671,Moderate Stress
20.58539448,26.87388868,20.80339957,55.94891459,458.4411259,6.696151093,32.24685339,42.27101162,15.23458108,49.73503216,0.22738332,Moderate Stress
29.16997396,20.25227897,22.15138312,40.09369758,279.8975356,7.245010297,37.07632497,13.13651355,26.58349142,25.96279492,0.969762055,Moderate Stress
11.91581654,27.72472553,20.54937552,44.30531437,506.0008134,7.064771429,31.26066259,41.16174084,11.33506199,37.45094136,1.032500267,High Stress
23.38749716,23.3897951,15.94261866,55.84280527,852.9270947,5.717506188,17.54752497,47.12128342,31.23584891,44.11014346,1.532946654,Moderate Stress
31.93962127,22.60001979,24.47977836,56.63488116,867.6977976,5.560558815,45.22237536,47.939109,34.64270895,34.40347977,0.800549454,Healthy
25.8445813,26.51913262,15.49818192,58.78332659,970.1411583,7.374236143,17.03794843,21.83272819,27.53342859,27.47151213,0.643528838,Moderate Stress
37.62363972,21.20360527,21.3562784,68.03210261,895.6625733,6.806609085,38.75135341,32.70013081,10.88160846,28.65687229,1.227510445,Healthy
25.41647613,24.64025957,17.96728512,62.5013657,906.4491301,6.694527257,13.56814543,26.82687818,20.12522358,45.18221327,0.4693032,High Stress
19.46787354,23.03571528,19.08101083,45.73821491,416.6848651,6.792378691,39.16423174,36.49838017,45.20473006,30.49876701,0.502777135,High Stress
28.14836341,18.38692006,22.07259421,60.15885389,945.0412126,7.40388126,18.73856015,32.34442941,10.40809708,39.65797067,0.394108823,Moderate Stress
25.49125831,22.42108861,24.75083665,48.73487712,680.7102068,6.722801772,28.88086227,20.14712658,31.10027386,40.17413771,1.023220728,Moderate Stress
24.47774116,29.40646779,19.87629081,56.88610462,299.2265972,6.879022398,15.57382822,19.95117091,28.23921014,28.44397753,1.378628374,Moderate Stress
17.85050539,23.44026525,17.84569586,44.46663663,847.3236755,6.412167911,22.9326092,23.37431791,36.25135382,34.69991722,0.626207682,High Stress
16.85922419,23.55911495,15.69606034,58.89479283,586.9538184,6.62640488,33.23527495,16.13450071,25.01870794,34.98861554,1.879117972,High Stress
24.21131944,23.0046556,21.55997176,51.23957446,547.297263,6.011977321,31.09582354,16.45162026,15.29072762,30.12420108,0.57276915,Moderate Stress
25.23251478,24.29818961,20.67873296,68.00969849,723.1558426,7.271832903,31.42919822,30.93706996,29.55670944,33.26302453,1.686306504,Moderate Stress
37.9690078,22.59970515,24.08833546,66.91818413,809.9115844,7.449511416,46.28480055,32.07079183,17.90595747,27.93652003,0.912065485,Healthy
12.4201986,27.46916932,23.10701077,56.78641127,724.4372823,6.954327513,32.79652987,44.31096452,37.40868552,31.67308276,0.707990459,High Stress
36.15849437,18.16621963,17.26375674,62.52635105,315.0597708,6.760987232,49.23715327,20.68382838,43.80769799,41.88390585,0.652711581,Healthy
26.92069106,24.41733408,22.34683878,41.60742909,981.5521678,5.539839995,23.42780131,23.86160667,16.76951265,24.00610094,1.971450834,Moderate Stress
12.82680937,20.60847279,17.05197571,54.61996407,995.5302942,6.958744664,46.15639741,21.84346523,23.86373649,45.80623061,0.288645246,High Stress
20.46533515,18.01133123,24.54649566,60.33024414,448.0336376,7.397853506,19.70878278,10.57628361,34.29125449,20.37726028,0.167213883,Moderate Stress
24.78698404,18.39482487,24.16681861,44.88578569,595.6037306,5.671337984,35.28965177,29.2901667,36.59605419,23.11806495,0.765420619,Moderate Stress
24.77272014,23.86430891,18.79425665,50.77816833,411.9204679,6.615718527,23.72349898,37.07114325,24.15747966,42.88139911,0.541101733,Moderate Stress
28.59091087,25.7560484,15.99834265,48.07251959,425.3268054,7.049627055,49.87145367,46.0176966,21.65300257,25.09686636,0.406210545,Moderate Stress
35.87636195,24.59828515,21.53559993,49.20819895,824.3305818,7.284763449,12.08580478,47.65863712,22.91592149,26.96320494,0.97980559,High Stress
23.14255674,26.75780998,16.45997708,54.49754567,808.9151684,6.109999976,21.89254063,43.58233551,33.63596448,28.01367086,0.608248143,Moderate Stress
16.20029365,27.03875634,15.97142651,68.87798944,204.5531533,7.187109709,17.95628919,34.01862489,18.6508457,31.17413172,0.161749033,High Stress
13.53900188,29.90367693,17.24840285,44.06059018,928.9300369,5.62636013,17.72867638,11.60207567,19.58886091,22.33998579,1.537487907,High Stress
28.61562863,24.96006348,21.64698555,69.38492029,469.5720348,6.330372103,38.06329497,23.21976768,42.62373575,38.02958344,1.782605607,Moderate Stress
14.19096927,25.14333416,19.50145881,63.07821526,495.0746902,6.422586036,14.31329229,39.38427595,36.47423011,41.2833143,1.211759452,High Stress
27.28203801,18.59673617,16.20694719,66.02305035,661.4678288,5.591652162,16.71643188,29.72079892,21.24464729,27.45182753,0.420440021,Moderate Stress
20.18083025,25.32793142,21.24956077,62.05504792,899.239915,7.028987264,42.32897892,40.11744897,16.06306013,27.17486407,1.741035053,Moderate Stress
22.83157809,28.02250955,15.96136968,53.67907776,852.7283118,5.624338215,39.98056741,30.59403393,31.17880388,31.39372444,1.613233352,Moderate Stress
32.32329492,28.48846072,21.64611628,58.40614571,470.077208,6.774357563,11.40860394,25.65687444,40.85081701,32.64867764,0.319964208,High Stress
26.34458061,28.62866985,19.04870463,44.65917807,506.9727576,5.674015166,25.702492,33.47543851,24.60264966,29.14931266,0.074238313,Moderate Stress
14.53597632,22.6595498,17.93791819,41.1270298,364.6786513,6.206009643,49.14630984,44.08318582,10.29107724,26.77607633,1.12387623,High Stress
33.52840427,26.33641389,23.14285843,69.6423187,884.7756207,6.595337957,48.71384501,11.66305798,27.47896416,48.23938332,0.595211011,Healthy
33.61743211,18.01865352,24.32540592,54.31142348,652.1892739,5.89690497,45.76606607,26.79091079,24.26668993,40.13114733,0.996201192,Healthy
32.97158514,26.8014671,16.8764178,41.39064199,587.1237416,6.226195101,21.98295114,49.66739384,23.27189815,48.39013504,1.193363419,Healthy
27.23147046,25.75172911,18.50051016,61.83673635,482.4092359,6.971543106,29.59507239,16.29352889,43.32246974,23.49537001,0.825594897,Moderate Stress
31.95626438,27.56452776,20.29793751,43.82266525,607.3966561,6.024694009,37.11052801,19.74615447,34.63120034,35.5909916,0.727663706,Healthy
27.955369,20.6597235,17.44940714,59.75540995,596.3008783,6.115673888,43.38659861,45.38445301,35.42674949,22.50004879,1.938232234,Moderate Stress
33.46139227,27.93026233,20.79523038,53.54555687,468.3064516,6.277001838,28.36503436,22.55891603,14.16109267,21.91296245,0.027007627,Healthy
38.65782583,23.44922062,20.05530139,61.80843965,683.0815494,7.397756555,22.01825002,45.8355141,38.3773426,34.32416732,0.966873603,Healthy
19.15633751,22.8102902,20.03330188,61.27513383,268.7317285,7.221458723,40.07207326,12.0221263,11.06940467,25.06768678,1.782387281,High Stress
24.6780816,19.15554368,17.51487764,63.82841856,760.4320297,6.604061996,35.32379763,24.2874526,37.97897557,28.42407163,0.76225969,Moderate Stress
36.65755798,22.80220928,20.14776775,42.96090858,872.3226132,7.497374387,31.0524699,30.66318086,33.08383762,35.08151526,0.139127108,Healthy
34.995244,20.22453166,19.52200509,66.29055397,846.8187569,7.031587396,12.4739729,14.9628854,44.97355532,49.78844657,0.963112365,High Stress
16.57835341,28.67772738,24.78056278,51.41291069,980.2819766,7.151069908,47.65684091,19.91290141,33.85533694,31.77157871,1.968910541,High Stress
14.2263922,28.75780434,19.89086847,66.767772,276.2599662,6.630215746,22.05759086,44.95369642,26.37400536,22.49546929,0.378886578,High Stress
21.95344844,23.18712119,20.93935038,52.96839779,970.1378794,6.587768856,22.99984857,23.43683269,43.38327157,47.47284988,1.138482362,Moderate Stress
31.81499834,27.80766607,22.23979413,43.78079418,997.4827185,5.969100894,12.60963628,16.66422383,21.41487873,49.73623816,0.593762594,High Stress
34.5849521,22.53314745,15.82641343,60.51746762,953.5980962,5.928590271,39.73119635,38.96784896,48.1839776,34.08261789,0.677511892,Healthy
17.23145645,22.05070823,18.68846482,59.31462861,832.4820262,6.931902987,47.37077859,46.20782421,30.99230824,22.29470041,0.14213515,High Stress
26.21027902,29.85201783,21.61736959,44.44649668,257.7165128,6.445125209,42.04873882,42.02369608,30.89172262,40.87442037,1.446985037,Moderate Stress
26.15614307,27.1877501,16.99818556,50.51352734,502.8754094,5.635658952,26.12529665,23.43560089,37.04067313,38.23149834,1.491007996,Moderate Stress
26.82009447,24.38588466,18.74533826,61.79690918,579.2751276,7.125577795,31.3836675,19.36959724,31.1741092,46.13168425,1.457964643,Moderate Stress
10.91996718,19.80587766,23.37766825,47.16525286,222.9290595,7.160589958,40.78927104,15.46684746,22.06536562,20.29459093,1.626553102,High Stress
21.31436969,19.94417026,16.41168662,44.24012184,252.3199747,6.535025137,30.90988683,48.81374076,22.97032264,35.48730605,0.311664829,Moderate Stress
24.52177252,18.84437239,17.17580861,44.52481499,325.9287406,7.070861627,39.01263793,34.92921207,31.96784536,31.80050703,1.34063784,Moderate Stress
39.07690187,21.13031871,18.77007914,65.41246464,336.3048217,5.704228094,44.87451501,40.76293569,20.76834102,29.97999181,0.681696806,Healthy
15.63104094,26.10031028,22.66633041,54.89752146,483.9491865,6.045853506,29.76626,24.45651761,16.69068539,24.25805025,0.186146924,High Stress
23.35080615,22.63569602,21.15403788,41.12948722,643.1386511,5.987400871,11.6765587,45.84168063,16.20220287,40.55352381,1.916653598,High Stress
25.43172376,25.00592937,15.15866267,60.49345062,782.2047554,5.788053183,21.51896402,15.00162486,15.66340323,40.72133368,0.845882594,Moderate Stress
31.34284275,29.37136261,20.04088364,46.54865222,912.6424432,6.830049112,44.69230761,21.73856245,33.90908016,29.61667604,1.28682161,Healthy
13.30501387,26.66816832,20.45362105,66.72090906,757.6636154,6.433114473,17.33398359,26.35425746,25.77166903,35.39272704,1.509219029,High Stress
28.42998377,28.0313024,19.82184489,46.92494327,404.990749,6.748421219,34.34110484,10.41802491,48.28567197,44.66392586,1.754677383,Moderate Stress
35.184369,29.5859166,23.96053472,49.20979621,692.4388837,7.15427511,22.05664377,32.26369301,29.01041872,23.82978814,0.027650473,Healthy
39.32560594,29.01241412,15.78722316,68.10215695,471.86428,5.727620677,33.45490707,21.84643153,18.43232027,38.69233371,0.15981111,Healthy
39.04610993,20.97114648,22.08504392,52.82168414,304.0509618,5.663303622,34.29641257,17.64540079,31.90611543,33.20785684,0.882024763,Healthy
24.41340257,28.58234392,24.23527345,63.00545862,496.7033874,5.696281816,17.5503581,47.4140626,49.41730207,28.34702033,1.743067367,Moderate Stress
16.30248604,20.96516021,18.18653419,52.1138661,950.3544521,7.378157385,32.90307588,44.72534307,32.14814798,31.29270849,0.097088494,High Stress
16.96558959,24.45107319,24.47969105,46.2635061,243.1657255,7.037359884,24.31522374,39.78129181,15.85715884,46.31436,0.635037647,High Stress
29.12375692,24.03647604,18.12241824,56.61655238,430.6587254,6.835534969,19.967754,32.49264451,13.7864169,47.0023293,0.590140727,Moderate Stress
36.55968967,27.7900117,16.60906459,48.73347567,837.1419006,6.433610577,30.98756718,42.91751648,28.06653108,29.16759008,0.20054889,Healthy
36.12706114,24.78079488,16.63067976,53.89292688,924.2845518,5.826437352,11.34816465,22.934595,45.7778222,32.26210665,1.906177881,High Stress
38.16735815,27.7317158,16.04855995,44.56776134,684.9209848,5.636858534,45.23275845,43.83585704,19.87319772,37.80113833,1.969269032,Healthy
27.17483308,28.38067178,22.61602756,42.63749535,412.5971169,6.75296875,24.35403343,16.14019525,16.09535446,22.90849728,1.591545365,Moderate Stress
35.73163469,22.12131073,21.66165078,48.00201114,494.2304489,6.409476711,27.35495783,49.9807,22.71264192,30.97830436,1.894862718,Healthy
33.2998783,27.10438815,18.19744111,59.98927581,386.2756033,6.176816813,44.8341118,19.45668843,44.53905314,30.65193712,1.413714476,Healthy
34.93955,19.03336695,17.21026209,67.11874627,977.2010149,7.074813289,12.78397685,48.65389258,39.45297417,35.36610604,1.907334578,High Stress
30.03547517,27.77047614,21.03815978,52.10907463,843.577641,7.247534002,20.9297935,36.55128335,31.49532984,26.85992554,0.915478512,Healthy
38.62817761,22.72070231,18.79774721,61.06181764,714.5955124,6.362763815,34.86744248,43.81002883,37.10898314,44.5488462,1.126982392,Healthy
13.56330866,29.05103164,16.09045473,54.94960073,833.1512381,6.958054997,15.95659188,37.37489719,33.78822078,20.20441127,1.397854098,High Stress
34.27055556,27.87189702,21.35120041,47.8232339,625.2197595,5.984836894,20.25094847,21.46301736,18.74143181,23.42807113,0.478535582,Healthy
11.82798785,25.54449026,18.2192213,57.94894032,737.9829308,7.398624242,43.18975837,30.99139109,23.86744525,46.74263643,1.893981138,High Stress
37.40855418,26.90504796,17.56230487,61.93781291,664.9196488,6.679013413,23.05623126,24.76854295,25.84674697,46.62237572,1.209784347,Healthy
17.44761791,21.37316535,21.20414458,47.44257632,247.8523365,6.807640752,30.160037,32.47576524,34.00167914,32.52436196,0.169798478,High Stress
18.31051881,29.96776591,23.60394725,59.30859472,624.2670587,5.540029545,44.09386057,27.96014048,23.49186672,20.98051636,1.26760124,High Stress
21.8342184,21.6395375,19.12845331,69.27549134,580.5304328,5.695262608,27.34492321,47.54870249,13.20225539,37.38363576,1.511349908,Moderate Stress
15.9099463,25.91056979,24.04474008,49.21474703,203.6864759,6.087579491,48.23650415,40.59410831,10.40538195,31.51414235,1.766865276,High Stress
29.49354023,25.17730594,15.98581577,58.33261309,845.7393615,7.291873659,15.33604708,40.7601557,17.56469331,29.36295416,1.515567146,Moderate Stress
35.32706597,22.97811262,24.35832376,67.9453072,466.5418786,5.892049202,24.65739103,27.72196623,44.10478784,20.34080055,1.870950923,Healthy
28.27655715,26.89896584,24.84589338,62.27847024,414.9613839,6.910834411,14.30988953,23.39222357,14.28995734,42.92961992,0.596205676,High Stress
24.44405052,23.89024901,24.80797801,44.86471141,452.9214248,6.485499316,40.32160686,44.32726228,33.73972722,26.34181946,0.217182934,Moderate Stress
11.84437883,26.76889568,23.82701434,57.01616129,905.2660512,6.931297413,19.92891226,32.7984909,29.79047255,20.0478971,1.037618794,High Stress
11.66384664,18.59020758,24.38629513,63.09588382,532.5253473,6.689932563,14.72066296,13.71382199,14.54178485,32.10562563,0.308877929,High Stress
25.41931575,23.41023393,19.01421724,46.37495784,838.2401968,6.308960342,21.017868,43.6588916,24.67713607,32.24419273,0.684478376,Moderate Stress
31.26458871,19.23046255,17.54060745,50.84027774,272.1115899,6.377316178,39.00536334,33.59593911,15.78524628,41.20561681,1.153929482,Healthy
34.35109143,28.1908569,23.14356358,69.16711751,257.7155023,6.448558599,29.24960709,28.69863715,43.12594694,34.565288,1.212042042,Healthy
10.37077341,27.84886203,21.07671281,41.8919346,327.2426384,7.32607277,41.96315111,27.40806597,14.84581342,37.16888634,0.513349182,High Stress
15.77815273,20.48696409,20.8784765,49.87358952,238.4936074,6.159187876,16.0535968,19.04396915,26.13637894,34.41278063,1.99611588,High Stress
34.26138727,22.40111128,17.70025342,57.36889405,658.8598321,7.206510697,21.44826244,38.89187209,30.71043285,42.6014151,0.524109142,Healthy
26.10768572,19.24203486,24.22386789,66.26209202,329.1792317,5.868329884,47.45423949,10.03328888,26.76795264,48.7757482,0.156204485,Moderate Stress
10.47210818,26.73907978,18.00813564,50.54572004,209.9340276,7.223560074,42.84675884,23.5323082,39.58513762,31.68198944,0.940749287,High Stress
28.12488785,24.39895444,16.67947359,68.73492144,741.9890071,7.057734405,29.71950787,31.01138158,15.9049378,37.29848983,0.576116037,Moderate Stress
27.22258042,22.53699292,19.25604713,64.72095532,792.5059639,7.495422304,48.75636697,22.34277798,43.2387379,49.60710178,1.994369757,Moderate Stress
31.35358453,23.56344814,24.93001029,52.44383881,991.7838881,6.845944274,23.87816805,10.94690209,41.74279153,46.52226101,0.629007408,Healthy
15.95774153,21.24435059,19.15935307,64.75454384,902.4843449,7.03491156,22.56938522,40.47700215,15.2786969,24.43804231,0.643386103,High Stress
34.12760153,27.39066579,23.24685603,46.86830729,564.1289892,7.373523771,21.59653813,42.65876346,49.22124314,21.28701883,1.124392716,Healthy
30.76752944,24.29777666,21.46110616,68.50203408,538.4090712,6.920441742,32.53047238,48.6530928,46.8116693,36.05579999,0.322931067,Healthy
14.8304088,23.38846475,21.71407145,45.95113572,640.7455976,7.158020442,25.7944927,32.63561503,19.19774611,37.19257363,0.411562378,High Stress
25.41233734,20.5642347,20.35172588,51.4071993,646.1195847,6.260367017,47.22295925,24.31044207,16.89325628,29.31186247,0.983582113,Moderate Stress
28.99714297,22.32918547,22.57274915,46.11968919,974.543835,7.182934702,16.47376007,25.66737307,15.81161899,39.65783325,0.142189748,Moderate Stress
13.98800721,22.59184209,19.78772142,66.26695476,513.7636789,7.042409196,22.77821438,30.41328064,46.0810046,35.87726055,1.704002594,High Stress
30.16832971,29.00676279,18.64669121,40.64277843,311.0614076,6.520078473,19.0573376,15.44849895,17.02619444,25.95004014,0.713464031,Moderate Stress
33.43887313,21.43383983,18.94642937,41.18578366,481.7711133,6.598867374,10.76660729,37.14941,32.33601656,46.64181466,1.184210767,High Stress
15.5884611,20.81315842,19.32896046,51.41674202,838.5817158,7.370079028,49.45289082,28.22564711,26.05427278,22.07267356,0.566506042,High Stress
16.06471322,24.35216976,19.16659698,40.85338302,373.9174178,7.080402306,20.32823305,13.64202967,45.63844522,28.3385427,1.216067339,High Stress
25.92233796,25.87399572,22.16207172,68.54660539,925.0319277,5.942128194,13.78563753,16.13277452,31.01440433,24.82459424,1.056753,High Stress
18.78747757,25.6947082,23.26695155,67.82143591,549.2840906,5.567943289,23.86560243,25.01188515,37.43918968,35.03615268,0.080119393,High Stress
17.59843908,28.69144274,17.87581238,41.08530287,411.6364608,6.092363075,39.09453395,26.93215394,43.33934204,22.81295587,1.189742774,High Stress
37.96935395,23.85028028,22.57369247,45.09756552,915.1700435,6.765134356,10.32977171,28.81212407,40.91036896,47.70490556,0.85435897,High Stress
39.27096338,23.90135211,20.45088859,42.0214733,604.2202736,5.974021808,14.74326147,30.28049052,29.20386487,33.27722458,0.574470766,High Stress
39.47142973,27.51228804,15.61283742,47.88003402,373.7450699,7.253876177,21.02956611,41.22518084,21.21566107,22.74799633,1.602747922,Healthy
36.2498431,21.37936918,16.63756834,42.56016449,812.7305804,6.264057172,45.63561619,39.08107661,16.7938106,35.52084263,0.192994678,Healthy
11.28662808,18.77016944,18.91345802,68.15467108,361.398498,6.087428707,32.70784745,48.88299696,49.23985766,32.66104973,1.379489279,High Stress
19.12039761,28.48926412,18.21806413,52.67727401,218.3977761,6.930487149,42.36569836,39.1572471,19.04458981,24.69651483,1.426813744,High Stress
11.02918299,25.63556858,24.75396282,58.29578813,856.5252645,6.088720745,30.74475228,41.75041375,36.84011661,44.86702257,0.378188076,High Stress
25.69444988,18.8818536,21.12793277,43.44541038,874.1451048,7.408425755,23.83226557,43.20560786,30.02340604,47.85266787,1.099241139,Moderate Stress
38.11879129,19.09822006,22.92226921,53.38938363,566.7152651,7.099624506,44.20297648,12.29967684,45.52656915,21.56805982,1.879604259,Healthy
13.11249782,29.78890873,23.81125767,41.78461283,366.6693327,6.424536901,37.70132165,49.97641631,10.44032435,28.90327687,0.413783999,High Stress
34.76053596,28.51280941,22.86284977,49.14202089,227.3505267,7.195829437,30.13415567,40.87890479,30.98698106,40.74077506,0.953817258,Healthy
34.41753861,29.40545208,23.73571154,69.23538702,625.1472084,5.656725377,23.63942759,24.43540611,49.29162429,49.78497556,0.095209499,Healthy
23.33988983,24.6999043,24.79546875,46.3065624,925.6225739,6.827433081,31.58545756,31.69004027,29.76758431,21.01791349,0.083605249,Moderate Stress
30.39024146,28.10065315,23.89043827,41.3684821,209.542369,5.693779404,28.90693569,35.90772573,30.81301258,41.61591302,1.211894614,Healthy
18.86621618,25.60416037,23.64157259,57.37937524,839.0471824,6.064985754,10.83126777,15.61600079,41.07091155,20.43295225,0.827233647,High Stress
31.90676042,18.12058211,22.84980126,68.91920797,689.9370441,6.352590162,18.28591791,17.57598074,41.25418764,40.87474434,0.159802181,Moderate Stress
38.35078871,23.10225575,24.9490058,51.65778909,863.4829619,7.184161045,25.14241191,49.39984743,18.81037855,26.08209363,0.640165252,Healthy
31.29316216,29.26296544,16.37660005,67.90181861,369.6975895,5.657508091,24.98932962,41.05281474,13.64180445,26.29492897,0.458002823,Healthy
14.73250368,28.1905399,24.65134268,53.8624363,716.7591808,7.009687428,12.78409265,23.52534582,30.00716089,45.61028142,1.331371237,High Stress
28.48894958,21.56956215,23.17081816,46.93427093,336.3566807,7.164521696,34.51024652,40.2668613,14.23202974,37.71135736,1.303230711,Moderate Stress
38.15865761,18.93494504,15.62523963,54.73299412,305.7832098,6.107192397,29.28938626,45.49180638,22.16600619,20.43960223,1.209413533,Healthy
23.07181568,29.81092,16.85273037,41.6559529,955.5091383,5.783262621,42.56395825,32.16325943,36.979223,23.92555902,0.974352679,Moderate Stress
12.55947753,21.43127725,20.15639057,64.29479195,329.4769742,5.757476275,48.03791987,26.48163558,45.1962255,28.85621999,1.126305784,High Stress
25.94447491,18.14434357,22.20320746,61.28860761,937.4542624,6.087086516,22.02841257,24.12663839,26.75012574,29.31592603,0.214654072,Moderate Stress
14.38310405,25.10939517,21.58620622,41.19357529,235.0556025,6.050556927,11.71462655,39.10636848,18.75816988,47.14045221,0.958589319,High Stress
29.7596361,28.65518263,21.41696213,64.06023862,587.5597623,6.282474666,48.20384502,11.56561325,19.28153083,46.6229082,1.382446825,Moderate Stress
26.06722094,29.55132798,20.06581605,47.60921818,430.0082818,6.795018346,12.20269393,12.71374805,41.62183361,42.48680824,1.974770985,High Stress
20.61207743,27.70488993,18.55853291,66.36183898,336.9069972,6.918504011,14.28126164,10.47828491,48.49975282,44.42011168,0.617944623,High Stress
19.79979123,29.1160162,15.51377479,68.22840976,822.8018483,7.224027551,46.19337258,22.09577964,18.35759323,46.01487221,1.921826567,High Stress
38.79870254,24.82128436,19.45277854,48.2225771,870.5439518,5.615847877,11.35428484,13.79869976,15.54365941,42.97336091,0.69124165,High Stress
15.28798151,23.86383307,17.31462232,52.01363936,590.1276827,7.436638712,15.16718813,19.93528797,20.93910108,41.57447368,1.800706364,High Stress
26.87314784,21.18922062,16.25952459,61.4708804,815.8876426,5.622661568,20.97239321,12.67218371,25.1242295,31.72321961,1.575505541,Moderate Stress
38.51827917,18.77660745,23.23972258,52.87657435,934.3162626,6.652806915,23.37261853,10.24046667,19.44194207,41.08838236,1.00448287,Healthy
34.34274446,22.00292849,16.20413291,44.11662785,727.9872546,5.660619941,35.09890715,49.13666205,18.16241426,34.78437789,0.472649184,Healthy
20.93653372,24.49075641,23.83424033,41.55901337,497.7693929,6.866454265,11.28905973,37.63002138,40.48720268,46.81132399,0.677026942,High Stress
14.50446379,20.64922591,15.19373189,57.14519189,770.1755164,6.865545836,24.85327017,14.7089261,46.06123619,21.32855788,0.832925213,High Stress
30.13392938,26.40629845,16.45946114,56.68455678,273.0597227,5.875493734,22.54700213,45.80172478,10.69180533,29.222679,0.197536856,Healthy
34.63747993,26.7373653,18.79481135,69.32154335,675.8503669,6.477156305,41.71971489,35.31248723,43.90430008,46.60224282,1.337310035,Healthy
28.25440942,25.88920848,15.14757151,56.17522885,762.7378851,6.587476749,24.40684834,26.08695703,23.80022998,29.24851827,0.544408466,Moderate Stress
21.43901821,28.13330626,21.29780303,44.45734368,934.4721448,6.842711274,42.5016821,14.86713417,14.45506322,36.15892322,1.804994875,Moderate Stress
35.93508334,26.25635003,21.56417966,64.70730585,551.027142,5.70598986,30.24586314,33.06718351,32.45722582,38.7886264,1.369694611,Healthy
16.82206407,23.31423737,16.46795362,41.14038354,934.6695193,6.052442136,30.08742052,23.69948727,10.7136658,47.14671266,1.806142655,High Stress
21.58235732,20.19227741,17.08520076,44.84743775,245.0194678,5.958499944,12.37322827,38.07163376,49.6007567,24.70841706,1.837473052,High Stress
14.48397349,29.33000627,16.14839503,45.4861548,687.637654,6.529229352,45.78634485,47.20857844,46.82562532,34.90279918,0.775965359,High Stress
38.89432269,19.77243366,16.78492485,46.24003897,587.251506,5.717636652,39.70366086,16.84072456,25.5289973,27.77409013,1.296056953,Healthy
31.90066101,18.40789471,15.37518925,45.28176072,472.8385875,6.752486375,37.51913265,20.88896579,33.43600906,22.675858,1.578192468,Healthy
26.7144008,25.70074305,17.06843888,47.63014167,559.1633947,6.105230688,41.97196677,34.68278185,38.71075003,38.98749876,1.898170273,Moderate Stress
34.65500515,25.02907137,17.73920342,48.34857854,370.360704,6.391124452,45.3975128,46.92743424,49.16606413,24.73879902,0.137887117,Healthy
22.09975323,27.45302256,24.39112552,56.33414438,613.6269624,6.221066474,19.19726678,23.68133948,21.36663467,23.88374813,0.633456234,Moderate Stress
21.49603897,23.91969663,16.10620554,45.00231576,457.9750483,5.653693458,34.18874965,44.41154601,27.9084877,42.28587608,0.457806261,Moderate Stress
14.99069976,20.92308547,22.45504203,63.44597622,845.5959299,6.98973099,36.23155026,28.71656554,29.58482707,44.60028425,1.583682274,High Stress
39.30673607,27.11968597,22.0193488,45.58236599,287.8827313,6.296866978,47.69260956,37.15004553,40.56526338,38.45008344,1.371026341,Healthy
27.64733001,21.70398691,17.96318144,65.91232221,325.5843705,6.59069099,49.16757738,23.36119431,26.3734792,21.03076426,0.937683693,Moderate Stress
24.1531739,25.28838761,22.8234767,64.65932263,889.0051089,6.007393707,24.14918171,32.69940732,46.941595,38.57996477,1.936198976,Moderate Stress
21.40448756,27.10544665,24.44465858,46.56746023,575.9643802,5.734311203,18.36730201,46.83181291,11.74776968,35.00565079,0.68404429,Moderate Stress
18.09018786,25.15075981,17.25371609,58.99101707,407.8341803,6.69790861,47.77491869,26.05422216,19.39145203,46.97701387,0.452817842,High Stress
32.76234853,28.34804159,15.03610014,52.57920537,655.6423501,7.379909213,31.13613587,22.18411982,11.2691617,28.93843978,1.733667731,Healthy
29.49686339,27.97304868,23.79988323,49.50055476,867.6988374,6.643074508,47.89559058,35.80914892,17.95704228,21.57486166,1.421105871,Moderate Stress
31.91716296,19.05368324,16.44511467,56.02722291,335.3489732,6.270324072,41.99338742,33.91940004,21.31183935,22.93740767,0.090161947,Healthy
33.59216854,20.93587075,22.79346064,41.97037524,531.1884542,7.383529729,47.87255025,40.17348896,41.79991954,46.79710019,1.750485975,Healthy
25.49690931,27.08149791,15.74008739,57.8384477,726.0924317,6.946650142,14.85975046,46.8505261,17.66471572,21.78663479,1.19233831,High Stress
27.24669117,29.83962821,22.62499364,68.32595261,789.8657802,5.580034278,45.385109,33.69676092,30.52562305,41.65392611,1.473112124,Moderate Stress
27.59583322,27.41346537,19.03551787,51.94967784,201.7361725,6.134534845,24.55637298,22.44584117,15.6665714,22.76362886,0.396653325,Moderate Stress
29.75301902,21.88172934,20.15838513,61.46567747,505.4500186,5.603685911,46.40982446,46.19268786,23.29897579,42.1937277,1.831723344,Moderate Stress
19.44610216,18.07658046,15.18241909,56.1928233,913.2664576,6.575806357,39.00428326,42.91199519,41.44506447,25.72830222,1.192249224,High Stress
23.77442301,28.06868424,16.39382178,46.4551424,809.7461789,6.840162656,27.72577526,21.31504743,29.18789805,44.13118573,1.719503617,Moderate Stress
25.60961489,24.5667497,21.2812001,54.1328489,959.6685585,6.145108867,49.71914788,31.70315582,46.98117025,43.57081651,0.277177071,Moderate Stress
25.29646113,21.60092485,21.84366697,64.39419843,910.3758829,6.284028412,28.88406245,21.28610417,14.67973231,46.94710082,1.642758123,Moderate Stress
18.10466009,29.16231338,19.95514264,64.07656555,598.3379516,6.141434971,20.94018939,32.69375104,35.89209655,41.49729727,0.647773204,High Stress
39.76196613,21.44992611,20.45224768,69.01066594,792.7701263,6.273629931,19.71370891,39.82364269,37.53481304,35.09560905,0.943806987,Moderate Stress
18.44857102,25.94293012,19.03437646,66.83532618,815.1058487,6.722320769,45.17889804,34.36942369,20.16987318,22.12641793,1.626029673,High Stress
39.3511675,21.16264152,20.00071065,66.59485479,469.3144201,6.540270609,32.59444112,23.77334563,26.44328922,25.75271037,1.595309388,Healthy
30.75993585,23.5972301,23.76707429,47.18794686,401.460321,7.301320561,23.67775441,43.07534245,32.10743599,33.41152191,1.106857099,Healthy
15.38192433,28.09152211,18.89240741,49.7996226,960.172447,7.124927889,37.92896355,42.89569989,28.26080366,24.67669641,1.133402204,High Stress
18.67658876,27.38857907,23.12923472,60.30159543,289.960649,6.70382006,41.53973305,44.70069605,46.22928784,36.08525412,0.288190188,High Stress
38.80479084,20.33880491,17.53546457,57.1448653,951.0328298,7.364882363,33.449788,49.35202313,16.91693355,26.33448679,0.625531699,Healthy
22.09620251,20.85803463,21.22876039,57.92195005,992.0737818,5.844787608,18.20082473,38.36914021,31.90277291,47.65351278,0.0646609,Moderate Stress
25.14214021,21.82717238,19.91782315,44.23079834,669.2563908,5.641228672,17.81030851,12.37508816,47.28561059,32.06542665,1.145124469,Moderate Stress
32.45784369,19.61879791,20.07523443,54.82149718,942.6435858,6.027877789,47.61621233,11.43257881,26.42767091,24.01129788,0.80758763,Healthy
23.22775203,19.38043454,15.63176527,45.33443804,653.927075,6.0844791,24.0485156,20.60944767,33.85406485,45.43611118,0.353308631,Moderate Stress
33.6613948,29.12718183,16.58451576,63.8256798,508.2803303,7.4647373,34.54306287,30.90057995,42.44154542,48.59973711,1.625187969,Healthy
36.03925027,20.20433777,16.9406117,57.74945775,872.482129,5.832478991,10.46013986,21.58552799,39.80944746,40.41772829,1.628539269,High Stress
33.47525615,21.85538443,18.46036095,63.13450287,919.6909425,6.890848216,36.79274754,43.95653658,49.22391315,34.07382694,1.674651585,Healthy
26.82938621,19.5492496,24.04269255,54.85925876,656.7101448,5.843411135,44.65511254,25.73898569,12.78230419,42.53051184,1.97300613,Moderate Stress
29.03061715,21.6320314,17.72457064,61.11411478,400.4810257,5.626570612,23.94357612,42.26596494,44.35932184,26.6904991,0.899804348,Moderate Stress
28.70773853,23.79791211,17.5455067,53.10340436,559.7582281,5.527562291,27.88937555,40.36293569,32.34307677,41.60759086,1.04577655,Moderate Stress
19.58770151,18.6739696,24.24525694,53.42869479,334.6407305,6.708227352,49.25357116,32.49772735,37.05668465,24.85335632,0.316434872,High Stress
23.65587421,21.61447467,24.73720121,47.95718715,942.30386,5.545983347,40.80079588,36.98900259,28.15081112,37.934127,1.236748233,Moderate Stress
15.42390632,25.02371998,19.71006747,62.0097908,753.8430396,6.038316746,31.78749989,44.02666927,15.30740497,26.67311404,1.709155899,High Stress
35.31098535,24.03958645,22.87973595,51.84999034,398.7373487,5.654782307,44.19122157,25.68956631,15.5125231,22.16838154,0.071742044,Healthy
12.3171923,21.25250615,22.10568767,60.0431373,889.0177123,7.019842842,12.64440973,33.06892129,41.21654898,40.49627207,0.546863885,High Stress
30.74047074,29.40586166,24.90602632,69.8128204,819.5275231,5.603673003,40.63387542,48.56507356,44.01768486,46.88162111,1.94922138,Healthy
29.7655407,19.68020149,22.29111753,60.75617501,543.4118556,5.710249077,45.4433125,25.75402101,36.14273822,22.2341958,0.196165554,Moderate Stress
13.72385117,23.33443041,18.29737663,68.48812754,748.6668548,6.576486944,46.12962084,43.99222367,41.88466964,38.35648541,0.159597772,High Stress
36.98774959,26.57784901,16.92234211,50.51896022,272.6525119,5.897154029,40.74996225,35.0351939,42.08346021,45.41939736,0.992796305,Healthy
20.06947058,26.42813477,23.2342863,54.7119662,407.3755412,6.916608809,25.88345982,41.01056557,46.67620177,21.74532769,1.141207096,Moderate Stress
39.58417972,26.31273106,23.14724062,43.55921983,810.4689025,5.620880324,42.74223192,41.99487287,40.42525357,36.26438233,0.303477432,Healthy
32.93919492,28.2028878,19.67549178,53.83442276,701.9089707,5.807615406,39.73920623,22.97569604,26.3324082,47.60741148,0.439517432,Healthy
11.90385648,28.70441867,17.02895799,54.67228746,719.8937958,7.058840364,21.57890715,37.06110034,35.77353364,28.02178234,1.440443328,High Stress
14.21626641,22.90204248,22.02093676,47.39337846,443.3245288,6.757114299,45.5495694,17.73400337,46.86314873,35.69391251,0.588687986,High Stress
30.67313888,26.63386973,17.19548131,59.57879422,626.809665,7.002256304,41.95704214,17.65701988,29.27147373,24.62522927,0.900440494,Healthy
12.51455753,26.42082706,16.58256255,41.08666553,813.0506745,6.685820863,48.68862734,30.31092685,33.43617614,30.57000422,1.767726451,High Stress
17.32748262,28.83015899,16.21851942,56.48557811,672.0993195,7.017741254,41.87922005,44.56796814,36.50354123,24.59268888,0.350142052,High Stress
21.06281453,26.57452741,19.01072846,43.90043052,823.1912204,5.535065544,19.45120163,11.65178297,23.34238679,29.97039964,0.553463099,Moderate Stress
30.60028342,26.71999101,18.07611105,65.41103576,987.2998063,5.957177415,35.1861197,23.31155656,19.36839395,39.29747149,0.638909072,Healthy
21.84184227,26.41706267,17.55700129,40.69675525,987.2083033,6.792928697,30.78641738,49.71871083,31.39140255,20.0350688,1.086175286,Moderate Stress
15.26081614,26.74095905,23.90402294,65.74063985,325.961494,6.468321416,15.92541307,43.80345319,49.13871189,22.05206237,1.64351402,High Stress
19.46967022,22.21269757,21.46883855,66.12251861,705.6225895,6.494608455,40.58307339,29.63247832,14.83443781,31.1108834,1.533765072,High Stress
29.46610142,21.70366332,16.83770601,62.31537439,572.7545817,6.768464636,49.86062326,25.09673803,15.26987615,25.81648891,0.643737384,Moderate Stress
39.34961791,24.10758414,16.24623236,49.62304774,944.8335248,7.276721973,23.07004392,19.60193651,35.0118359,31.36956725,1.270088976,Healthy
34.61439073,21.79769173,23.66527211,46.52277292,693.1340472,7.305798206,18.11133019,25.49832227,10.22336293,35.44905622,1.405540863,Moderate Stress
17.08190212,27.58928066,23.58426738,61.35127882,999.1524446,5.831114294,48.83527997,13.75494357,43.99323992,29.35023103,0.479020772,High Stress
37.78824651,21.3449958,15.61755856,68.84648404,235.7036549,6.462079663,31.34638295,47.30711031,46.66448466,36.17708344,1.000035758,Healthy
20.33051753,24.39747095,18.15414271,44.1982646,973.4294479,5.744313388,34.21185181,42.39573385,10.13861589,21.35182951,0.612417029,Moderate Stress
10.97549588,27.40448865,20.69852045,61.47788866,953.5242794,7.040825068,30.81233766,41.52529172,12.88978798,42.15782387,0.164827813,High Stress
33.88816079,23.37964779,18.68620423,52.32446136,409.4296407,6.05532873,42.61886855,22.43651961,28.11649271,41.85258666,1.788021157,Healthy
16.58795707,23.36978239,15.44009467,52.15638903,920.4244655,6.256300028,46.90608065,46.02008192,17.86221308,41.12225097,0.749970782,High Stress
13.672978,26.69142956,15.94668913,62.0838153,828.866799,5.639160498,46.62292523,37.88825774,30.33737961,23.97843652,0.992278602,High Stress
34.09510019,20.74993025,18.32903185,44.88951957,348.1821495,5.93887681,24.56815786,12.05088917,28.11881187,37.34983635,1.592207773,Healthy
22.80868678,26.44364261,17.21499544,67.78201111,555.9594377,6.508305818,39.84229847,32.70364248,29.83438169,44.65142858,0.306267469,Moderate Stress
30.89634323,26.48001031,24.87382385,62.17147943,386.4555613,7.193811993,23.55196145,10.98592149,46.17563071,33.38977857,0.436456608,Healthy
23.26916974,28.03934023,23.60653777,48.53982908,277.2811299,7.415283068,10.4712151,14.19073189,27.58200804,26.96569145,1.420132497,High Stress
32.33877638,20.18555607,21.17553844,54.62268269,992.4133654,6.626346941,12.77424823,22.13431284,27.3818926,38.97962369,1.645008617,High Stress
39.95439919,19.90842067,24.7441523,58.88490895,761.5879821,6.650325164,18.23533859,11.20284011,39.66180788,35.65763957,0.317305505,Moderate Stress
27.31329827,24.8975828,24.33709446,45.77758384,214.4706446,7.444837348,39.06397735,34.29819682,46.35915797,32.55957578,0.288449641,Moderate Stress
39.09941643,19.1383932,16.9904371,67.09234007,702.6202504,6.813647765,25.12436182,16.29631788,46.52521215,47.97040964,1.003312442,Healthy
35.20212818,18.73040961,20.40657669,61.36656944,787.0324528,6.917217246,37.67862582,21.99797383,29.95000089,37.60823979,1.561843466,Healthy
20.61237778,25.27649655,15.31347931,53.37679005,449.9381138,6.817258699,47.51332396,32.53360681,39.10141879,47.93791858,1.302865212,Moderate Stress
14.39975903,21.02854376,20.41243829,53.85686474,590.7270823,6.813903955,38.41211301,24.54609818,17.73556345,22.26017831,0.782687799,High Stress
12.2916475,23.79255449,23.00095175,47.87400083,501.1233967,5.675323462,22.58340897,28.54736074,42.52628394,30.83298878,0.147261804,High Stress
22.52595924,20.13582811,15.64346414,47.26176435,978.3417255,6.823394987,31.88081851,42.83351849,26.06246402,32.77274594,0.578323758,Moderate Stress
24.79805178,21.41335568,22.59435473,44.89819429,742.2742782,6.445609684,10.83702412,15.2961536,42.09731545,36.82204444,1.036109602,High Stress
28.99816625,27.54991624,15.00371007,63.23790663,485.8037123,6.565342243,48.21086795,17.8755643,18.67665364,40.33694867,0.706616854,Moderate Stress
34.95112669,28.47002833,22.04954498,41.71327834,296.4853745,7.106396758,33.63868531,24.49339177,24.19851326,31.57256713,0.755031659,Healthy
23.47025439,22.37888837,15.22816561,52.41826176,232.5589313,7.405532814,46.62858755,49.83005208,42.2407172,36.59646429,1.52928683,Moderate Stress
14.03736422,18.87752483,19.0238578,61.92883527,699.5096374,7.374434759,15.23928851,29.35994347,19.82209514,43.04283404,1.255005817,High Stress
19.07964594,25.81007306,16.95921026,46.46374726,875.4478597,7.40063171,14.93537159,33.86334052,37.01927014,41.33215956,1.02620865,High Stress
33.4691449,20.71390516,24.3302139,68.46334941,741.8921643,5.731429359,29.4881138,43.98035947,40.94049779,44.39970201,1.08175953,Healthy
18.96316067,27.73585924,23.97844383,53.72079371,809.2515945,6.510992368,22.82414078,45.59555399,48.17557629,23.9105918,1.20007133,High Stress
18.75771796,27.35337862,24.03801331,57.34366973,678.8443127,5.523255647,20.85830012,16.37561762,46.57102529,27.68377959,1.953270259,High Stress
38.62450164,24.34122072,23.3613803,60.78536829,387.3174932,6.666973787,23.6738709,49.95870653,38.32810125,40.72088968,1.142144201,Healthy
12.2265143,21.83651448,23.75360844,43.79997011,981.9480794,5.633357255,33.39942498,11.28906704,40.13652256,48.69677474,0.571560079,High Stress
32.82109022,25.81736044,22.06886535,55.70589945,380.7727629,6.240675521,28.98119582,16.75707377,18.23942417,27.57110655,0.281582143,Healthy
28.9823813,29.3750884,17.08336948,40.51156787,403.8401831,7.23983146,48.88797826,33.72713349,19.95345964,48.59191362,1.848581964,Moderate Stress
35.79074811,18.97002125,19.42337225,48.03197537,372.2476498,6.255581934,37.23918005,10.35775618,31.34464502,40.81687644,1.020133496,Healthy
32.61385001,25.01977516,23.26550153,57.26775328,309.2102623,5.827910509,40.14308129,32.98997477,10.12997177,22.19574042,0.864970525,Healthy
11.8302533,28.04630199,24.07063374,68.37938744,226.9010938,6.913800272,37.52776647,33.30191023,16.26847024,38.01455588,1.596346748,High Stress
24.82140469,19.50158017,17.29917659,63.28953424,440.3021526,5.569604569,40.82936257,27.38025858,15.2447216,41.31352623,1.711082175,Moderate Stress
31.44984421,28.08552013,18.27984285,56.93752677,285.4107578,5.781610503,36.45315769,31.04693593,48.9409069,24.82692053,0.35730613,Healthy
35.49753552,29.31392514,20.49612312,69.43580464,281.7655491,7.206702432,46.28037317,36.88596775,49.98194528,41.28871338,1.646932659,Healthy
33.53571566,27.22152298,22.01075927,55.28664223,616.4081724,7.346427275,42.48680932,49.48573487,24.53714058,25.16978372,1.296139485,Healthy
19.86564054,27.64777274,19.62705265,55.73096063,472.6943274,7.303716011,12.50908004,29.57815257,20.26795813,27.52113188,1.745996042,High Stress
13.95495909,27.91992615,20.23143803,45.71553696,350.0429397,7.238331714,18.89422088,27.97818002,20.61576363,48.79781086,0.122833996,High Stress
23.27682513,28.41519935,15.40485365,46.34566521,425.2526907,5.808106486,49.18610002,24.64686004,32.97337643,20.69467382,1.275296563,Moderate Stress
32.36575029,27.90747843,15.44658953,56.90226311,510.3915511,6.210212086,32.09583294,31.38795346,35.14493371,27.79410055,0.271106274,Healthy
23.12992334,20.82752103,19.95819513,65.13944817,649.3244861,6.115909165,20.06675553,18.76570044,43.16796096,31.72610952,0.720678323,Moderate Stress
16.36437882,29.03653227,16.42925499,67.1770364,547.2956363,6.277827639,20.58699887,36.08850186,18.86509942,38.26801816,0.464011502,High Stress
39.56519589,24.97874944,16.02895662,42.87212693,673.5058324,5.743272881,28.21125967,43.5680683,44.08022501,30.5769739,0.452686811,Healthy
18.51737485,27.89766438,16.68134052,44.63365491,436.3156733,7.15718979,26.12783862,10.05585892,17.97878367,28.54495895,1.30535642,High Stress
35.84290819,29.18305565,17.29678193,53.21652382,483.8859989,7.038501701,14.40052106,48.08709251,12.7449517,46.47681287,0.860010506,High Stress
36.52879219,18.57102753,24.2185524,44.8558519,634.4387802,5.612742948,38.35093557,47.61287804,40.63504531,30.52739375,0.347860834,Healthy
13.99293899,21.89245462,16.97172458,52.06247153,919.8311045,6.893573146,28.52969082,12.72145879,41.78941971,28.72082585,1.182917642,High Stress
35.45906518,28.11379951,20.78137087,51.79635244,820.6184255,5.657311642,45.67575289,23.90413845,49.61072802,23.02979442,1.70184663,Healthy
18.95631776,21.963611,18.84530472,44.25247978,786.9776068,7.034038362,16.75635505,26.98082567,13.42462833,26.95678048,1.153228956,High Stress
28.78009903,21.55320098,22.65896637,65.86910224,534.9917879,6.271037523,19.31104341,41.01342782,39.55307753,24.49954708,0.903813786,Moderate Stress
32.51644279,26.85251127,23.11276614,47.47378886,839.6132084,5.683162103,43.37790817,40.89900085,33.88030545,49.08267532,1.943406118,Healthy
11.99584653,24.25770688,23.74298364,67.35296968,549.6048535,6.220458817,23.41769411,22.37428221,10.03039753,28.19043473,0.519152449,High Stress
25.16119122,21.05296476,23.89919327,43.21440263,802.8853119,6.714822073,32.60994468,22.67180409,43.32519574,30.77658637,1.57419489,Moderate Stress
32.82756217,26.54367634,17.104036,67.00301229,761.9370904,5.899486099,41.75308929,39.92472583,45.70418038,49.44366783,1.783099285,Healthy
22.53352316,25.1486147,19.44322548,65.17070672,750.651528,7.132284269,23.34650243,48.20488245,24.26316645,44.51181079,0.811755219,Moderate Stress
39.93675092,23.10314768,16.4613818,53.3373175,486.3478319,5.821070194,25.68720174,21.47822839,41.09131036,28.98150087,1.026632826,Healthy
25.41955309,24.66055717,21.33129548,41.23910696,375.4558685,6.87015801,42.28391952,46.26188182,32.82894051,22.96010501,0.556736341,Moderate Stress
37.31688961,25.15360061,22.76079428,50.07179328,874.7820676,6.026863232,16.62844364,28.42061333,32.44636094,24.16518524,1.357899694,Moderate Stress
32.67039646,21.00152671,18.55887587,67.34102231,306.3670063,6.693093561,12.85462856,32.56478323,30.46448425,34.74398608,1.745599316,High Stress
24.44315471,29.31275703,16.4697622,62.18416232,583.051157,6.248055114,48.24632594,26.32060729,36.77112663,43.17369959,1.590747106,Moderate Stress
26.32622006,24.88546968,18.25061081,50.07145418,769.3603529,7.167154779,41.92058348,20.81575217,16.42876656,45.69136123,0.277303014,Moderate Stress
23.30321478,27.59567029,20.35671244,47.07283545,534.50279,6.477866196,34.40270033,26.44980868,22.14954764,29.51008322,0.559273858,Moderate Stress
38.18522316,19.99070452,24.8284881,57.87174319,588.7554879,6.869011963,16.79113722,23.28977907,33.36105645,27.03880158,0.655163203,Moderate Stress
18.14834742,26.00895716,17.54419264,40.41897592,501.1502018,6.873819152,15.2296919,48.63977358,48.83568559,28.91233208,1.679294508,High Stress
38.29549747,28.81944176,16.0600775,54.32717962,742.0514093,6.528736364,30.03496197,17.1873526,23.11825382,37.89939356,0.715982107,Healthy
30.57240455,19.94939518,17.14541588,67.89806399,991.2418266,7.212862912,28.85703208,39.58899809,12.88663481,30.14456837,1.276669054,Healthy
28.69650608,26.16075916,23.12644211,63.79066412,690.8447398,5.530083926,32.4193989,16.89292327,38.02826076,21.02506251,0.603892826,Moderate Stress
22.81683011,20.35544212,15.88969959,48.59014873,920.2114786,6.409385629,35.96526309,25.53739709,22.14501626,39.55633233,0.1068846,Moderate Stress
33.26339556,20.63104665,16.96779719,45.7198076,208.3443927,6.927090926,25.00694605,15.70055301,30.72398046,36.64744125,0.234616374,Healthy
13.20188878,18.21877068,21.31328889,40.99872032,819.1242799,7.334165018,31.02250101,47.48704776,31.98102966,39.66574891,1.624298551,High Stress
30.97263726,27.30609239,23.5303933,51.10616844,465.6783755,6.84950318,43.17266019,18.93693273,49.37961764,47.92314902,0.456388422,Healthy
11.35654176,28.08755695,16.31611791,42.04916458,239.6920229,6.339062475,16.91677092,45.03849516,26.98489179,30.09788383,1.872033177,High Stress
30.26102354,27.15701889,16.56829226,60.59087007,864.8935146,5.711976003,33.75306537,19.06844435,20.50921469,39.34446002,0.261982456,Healthy
37.41423506,28.65626405,16.46386857,54.64225143,422.2685321,7.260990865,15.00200071,32.92024762,28.69364714,30.20758472,1.309062011,Moderate Stress
10.89301132,22.53774251,23.7639194,62.78402949,246.4890035,7.25880678,18.58993176,12.91689597,21.56972268,28.71256355,0.450688056,High Stress
39.87447771,21.58397071,18.5540057,46.25975795,362.7153091,5.71121476,43.54557513,37.64882473,17.56379502,25.84946102,0.965119146,Healthy
28.00383648,26.63364996,19.32181209,56.25114084,932.822492,6.704480254,30.82584903,30.9192944,30.5956009,37.86935052,0.386521433,Moderate Stress
30.29431089,23.04981472,20.01348942,64.56233472,818.3660748,5.587290959,19.59715374,23.28698506,35.99101818,43.38910183,0.122893445,Moderate Stress
20.02501989,21.51501714,21.6700314,42.43276304,910.6730798,7.276166068,49.18656685,37.23478427,41.16656605,24.7768537,1.323151765,Moderate Stress
28.62413834,28.40608825,16.20351137,41.84502353,949.6360175,6.75396573,26.39595178,19.3671204,40.05071102,45.9759526,1.509963624,Moderate Stress
23.53844147,28.760922,24.32514301,40.02875752,725.8259163,6.050253442,41.92818857,29.83486099,47.35879971,32.70766775,1.551550779,Moderate Stress
14.73309216,18.71374457,19.24863545,47.49653864,929.6105408,6.830884394,47.0837359,13.58969057,34.01581725,41.88603355,1.467872321,High Stress
13.9000044,20.72158374,19.42299611,40.90022115,482.2862154,6.184213371,25.30388029,29.5867053,30.74895404,45.25235075,0.854304937,High Stress
11.37081372,29.77528275,16.5715378,40.30793068,760.2962237,7.086261036,35.11482549,31.152899,26.22251967,21.58862788,0.227039113,High Stress
24.68770217,21.7912343,23.39009616,69.0931758,685.8112121,6.434327623,30.0092489,30.96134259,13.93777168,35.57416933,0.042917058,Moderate Stress
26.34042134,18.47767536,15.98555229,45.59476507,794.3956901,7.181256551,38.57663179,29.0253342,19.11542505,46.5252534,0.4908663,Moderate Stress
11.94587385,28.0830208,24.58021046,50.62789124,768.2204068,6.214604011,46.363573,44.67257557,38.58131534,48.09147089,1.79547927,High Stress
17.04899691,18.73639727,16.89569402,68.61059388,391.6610548,6.813401088,47.26238708,30.45328715,36.76676214,37.54875614,0.127349967,High Stress
37.63041392,19.11634186,24.44723757,66.45080399,560.8542357,6.339685061,27.43157132,20.91731384,32.64502826,34.43090956,1.29999631,Healthy
37.01401399,19.962002,17.55944295,62.86774039,959.9920023,6.609298217,43.56763273,15.13155383,29.43044662,47.07815246,1.380604733,Healthy
12.87138841,22.68175983,24.85403509,68.41766647,982.2794304,6.270543855,31.32328286,15.9700219,23.00144132,46.19385371,0.191233124,High Stress
12.88462058,22.26520027,24.26421988,64.85568595,357.9764166,7.446982169,42.73207419,38.01555837,13.11621442,39.42731434,0.368488787,High Stress
37.9780137,25.11550407,15.67862992,63.08883807,757.1416267,6.653999267,49.90706586,24.65329593,11.903892,24.78811424,0.922177419,Healthy
32.91679719,29.06190296,15.87678115,50.25464142,407.8464377,5.596808437,41.67966205,27.14648897,16.38861128,25.6327804,0.284037777,Healthy
16.47156797,22.52530287,16.23184395,61.5108885,387.7938077,7.424134936,17.49403077,12.7398432,20.31260778,45.37188331,0.517572043,High Stress
39.49093795,26.35420487,23.09428781,69.6290835,557.369216,6.614126511,33.79269135,40.37697441,32.03073923,45.69258632,0.167275607,Healthy
39.61768624,21.68570564,15.10575197,63.92402784,387.6229214,7.343527747,20.33791262,39.7804737,34.72029311,49.43764372,1.938859384,Healthy
27.61801426,29.69044225,18.38045259,61.36910145,914.1211051,7.337270675,18.68320491,34.48843622,33.7474144,46.6219564,1.320831244,Moderate Stress
37.18982068,23.00274671,21.54205044,42.63072385,868.144031,6.384330528,28.95359455,47.2273746,38.39988074,22.81376058,1.76306351,Healthy
11.23035925,25.49103094,24.97925722,64.12830623,282.2047297,5.811107459,26.38887712,48.00543507,34.05503573,39.51252055,0.316697477,High Stress
24.80073496,21.71423614,18.48095458,41.03327451,492.0335445,6.317833643,43.7460609,23.62171846,24.88102951,32.09486678,1.399629343,Moderate Stress
30.52594829,26.3441571,18.09443011,50.51015243,576.0846909,5.745209787,24.06154213,36.41917638,46.3635117,29.16586659,0.970933155,Healthy
36.82661389,19.85194181,16.08583045,61.08587621,549.1903928,5.517240985,29.34672604,24.54074,26.82162298,27.11521194,1.036020768,Healthy
36.4519447,25.84183239,23.33221886,68.42305357,253.2020409,6.990269829,41.90907216,29.3463708,47.93128337,28.16238875,0.588145704,Healthy
30.44461805,21.45719059,20.76407082,47.56038435,762.2997549,7.189459464,32.30727905,11.63423689,28.7401363,48.05574874,1.103087398,Healthy
12.41564288,22.79851253,18.64432295,64.3378368,365.6505183,6.626475351,35.38250946,23.12020549,45.60623659,26.84861021,0.22909163,High Stress
16.48879063,20.1034284,20.5526662,66.84882424,895.4617909,6.639735735,30.71889569,44.69010262,40.72511305,35.97627674,1.720136321,High Stress
27.15131544,20.61604935,19.57658901,49.32101319,267.3287325,6.976016623,38.51850668,17.82390033,26.61633326,49.38152953,0.648938314,Moderate Stress
13.93617405,29.15945108,24.4777096,48.71404477,695.7104308,6.983423687,23.63779617,38.13983894,14.37938684,45.78893486,1.902123844,High Stress
38.30826764,24.5548439,17.58720356,61.30975524,410.6067785,6.316853691,16.0230993,12.93004787,36.83881699,40.73554184,1.069350338,Moderate Stress
30.59466513,21.57076091,22.64040933,64.56600481,524.4810753,6.460813063,15.94583751,49.75704165,39.46548199,31.4891119,0.924788289,Moderate Stress
19.09896736,19.90293047,19.73900921,40.12125387,941.4652751,6.997463676,27.57015949,13.62791171,16.18900562,31.31502762,0.603168192,High Stress
12.89833959,25.62167493,21.86009296,63.30705295,360.0651285,6.439136933,49.70791234,17.34034498,49.45038915,39.83133923,1.287281343,High Stress
36.96423984,21.56832367,16.13992808,65.95136348,333.3277102,7.331855625,44.35397965,23.1211915,48.71810741,40.55639516,0.448838721,Healthy
27.53630225,22.97523675,18.39718293,61.4825011,577.1464317,7.110227712,13.52260371,49.85299962,23.41852421,25.55591724,1.766215748,High Stress
16.29662399,18.11397333,19.33047038,65.89116544,307.9945554,5.637854988,32.60941626,35.45020664,39.43245548,38.61986882,1.55528727,High Stress
23.93789224,24.42057373,17.48331663,60.85301969,467.8525828,6.688071852,41.76773394,19.46785007,42.8081188,35.10036442,1.729594243,Moderate Stress
30.13972508,29.76867559,21.72220564,46.63337806,712.784888,5.744080468,45.39992459,47.93375174,24.3765722,45.64698991,0.32383034,Healthy
11.96048423,18.47418212,19.77642505,60.88375427,604.1555572,5.816046173,26.08313153,34.35436124,35.10753597,38.82558456,0.367299562,High Stress
11.62864421,18.1139026,18.06422221,53.72261938,833.0409075,6.836674261,41.89150249,19.23692349,17.29584892,28.92082385,1.576302806,High Stress
32.76997648,29.03113111,16.59436929,54.58475668,688.4566241,5.907316386,12.23147362,18.89736178,24.5912806,45.67568885,1.161720504,High Stress
39.3562601,19.52681324,15.65253967,54.62474684,556.7035795,7.047811173,43.51872498,31.99112698,27.74923056,25.04027162,0.973497581,Healthy
25.77012526,26.96066201,20.03288714,40.45318057,764.1130783,5.821232926,29.37190321,12.69884139,28.75239085,41.81322977,1.379349452,Moderate Stress
32.01091447,20.76253166,17.89482835,40.86544725,996.0735564,6.997674803,41.83856439,16.2371393,24.67748521,31.2448589,0.054852595,Healthy
16.8006472,26.41420167,20.79575269,65.21987187,457.0702667,6.164857186,38.8552848,15.69282763,30.22118225,42.0780518,1.408846051,High Stress
26.48722502,27.6264043,22.75061277,51.0014159,523.1145178,6.472072859,46.67821351,10.5824043,33.16062344,35.76452575,0.534763172,Moderate Stress
17.6198113,22.48152759,20.80065629,57.74344335,533.8082775,6.924511499,32.81841519,39.13835365,24.21412382,49.56573665,1.044823462,High Stress
23.62169555,25.79652735,18.02386115,40.79112931,658.526329,6.169723811,19.33194899,44.81097904,14.88156911,30.67045771,1.30560996,Moderate Stress
17.50685254,25.86582167,19.05107041,44.84244231,537.1852015,5.911326887,47.99493595,18.32858358,21.47903374,37.44428946,1.538647357,High Stress
25.21412453,29.02885881,24.63910921,49.13608109,557.2718735,6.849776121,35.18522602,33.96412246,24.56012351,30.92671511,1.292254555,Moderate Stress
36.63270518,23.66453575,21.04545715,63.8571634,639.0212205,6.757488076,22.83683215,46.63698906,42.35638411,41.67920686,0.098274008,Healthy
27.57084796,25.27331287,15.84831781,45.64126957,809.5010188,6.156364188,14.89556509,18.4024321,49.29360802,26.08386994,0.737458628,High Stress
18.46119551,18.93003887,15.31309754,41.41758501,855.9705046,7.183433023,42.5539838,26.71552368,32.22550051,40.98972823,1.117838856,High Stress
24.57358401,19.55496686,22.59111983,51.01522446,561.3535651,6.375283362,44.86381117,20.38060193,21.78478251,49.25900514,1.122972525,Moderate Stress
23.60577132,21.09660486,23.87152397,46.6658578,627.8045753,5.674691134,11.47796151,19.25210436,45.15208503,31.76403427,0.809098968,High Stress
12.70199668,19.38483387,20.34294993,43.13226149,493.7467292,6.518765097,23.63310867,10.96872628,10.31517751,49.2233377,0.266961701,High Stress
22.42583924,23.03558794,23.9360586,53.32693511,584.7026906,5.631381222,18.70380601,30.58082953,18.5852824,41.062076,1.971029835,Moderate Stress
26.75173009,24.4140555,20.62668213,55.7761486,204.4689829,5.922036965,23.08454561,37.80488166,20.31639248,31.17959145,0.910026888,Moderate Stress
21.29395536,29.67954412,17.18568891,54.48674811,685.2541168,6.715845144,30.59687506,27.95533464,21.76143755,33.71489051,0.625528757,Moderate Stress
34.36290996,18.83906271,18.83215541,60.2898553,858.4831807,6.424960167,42.3542748,22.83048506,42.48160865,33.35485929,0.351927772,Healthy
38.9401466,28.24197909,17.35491014,55.98022324,975.0371587,6.003146368,11.58997553,32.84422962,40.63271079,46.75477536,0.535010103,High Stress
23.68135153,21.10348586,21.4780758,58.66982016,622.9283047,7.006842297,23.21622011,24.63669043,13.37787383,49.99081139,0.047013515,Moderate Stress
27.83113822,24.84868854,19.42243566,57.26834533,860.9591064,7.196155231,43.02719327,45.54275386,17.05197723,29.33887961,0.942858668,Moderate Stress
32.47131034,26.46951557,20.69687869,63.09285473,529.5782495,7.385200915,10.90895539,34.4994769,49.88318938,48.18201227,1.049609805,High Stress
29.05481418,26.4766284,16.88035734,51.59127141,517.2048952,6.092588776,41.11822567,23.36765485,37.27776998,23.19308549,1.376968474,Moderate Stress
11.72022754,20.50834452,23.40036045,40.57682759,493.7181091,6.699877561,29.66261084,45.64127873,39.12368994,27.53543106,0.883697337,High Stress
19.91500672,19.10132983,17.43941696,48.33887315,690.0966399,6.003816342,17.91685346,12.64576174,13.27253276,36.34600822,1.259549546,High Stress
13.06486644,26.38154426,15.65529932,69.92896631,442.8624891,7.382792571,31.56938477,45.32685966,13.57371674,44.58107371,0.639968167,High Stress
20.60342613,23.88783887,22.99679474,60.14055642,342.5306848,5.607164195,21.23285232,13.16381708,10.82701052,47.38421871,1.608055132,Moderate Stress
34.54099066,28.25273927,16.45331458,61.60496217,900.8123938,6.421902414,18.90572748,44.14272018,39.40474651,32.79826892,1.384936042,Moderate Stress
27.1759722,23.61682253,16.79667611,61.68057116,873.512705,6.64915593,43.37251574,35.85925864,21.48996705,39.24236674,1.77706427,Moderate Stress
16.45983705,18.73538318,20.01879845,45.909158,523.1486962,7.095291304,47.34371325,20.78845569,48.29020475,38.32956153,0.829168618,High Stress
22.48264672,29.73431155,21.05383387,63.38159518,763.2870384,5.605177746,47.847997,41.93793074,19.92887197,21.01229526,1.544139451,Moderate Stress
25.98870884,20.59098257,23.12203365,55.95392006,707.866909,5.872904212,27.24629566,43.51656493,35.1867931,39.44840441,0.832146563,Moderate Stress
26.88267682,28.63825692,20.74354447,51.16048919,798.8358866,6.647643644,32.69099747,38.03276578,49.34514778,32.02747393,1.663033124,Moderate Stress
29.70239388,25.60547984,17.99987899,40.38955429,754.0605692,5.998888189,29.62695893,48.32694565,34.30052193,39.94614636,0.643564499,Moderate Stress
24.32170267,23.76175157,16.93176345,50.98390389,483.5913089,6.901359148,29.18149869,20.55054741,42.94664199,21.09260552,1.50746948,Moderate Stress
10.87105278,18.92746119,21.58245103,56.13228828,317.1531727,5.528549513,34.30752583,42.95935511,40.97353268,20.95057098,1.792775448,High Stress
24.59714713,25.06208814,20.18875464,50.70798503,899.6298362,6.42251395,49.37247348,30.55685025,40.50866314,40.76428715,0.782886654,Moderate Stress
16.17319982,28.37319749,24.30168621,58.81136277,692.4801599,7.168542033,46.44803243,36.23460446,24.01203885,48.59104977,1.917117414,High Stress
31.18105383,27.4173348,18.3701899,66.24682157,712.2884961,7.436441621,46.18912036,42.75971487,43.06908484,28.096204,0.067918282,Healthy
27.89702815,26.44540343,15.04308302,52.90743547,381.8111524,5.521421866,20.52205692,41.06913379,29.31390367,34.4771301,1.952002926,Moderate Stress
11.68259186,19.84099484,24.19748745,63.69209432,692.5622694,6.352138427,31.30678702,35.80614351,31.1366446,45.6116937,1.166186698,High Stress
32.32401948,21.73050676,19.6223986,53.08567345,412.3987462,7.081841261,22.63160024,19.2988981,13.79864883,41.75205631,0.25228699,Healthy
25.07876877,25.44873952,15.11437627,64.10427954,872.0462136,6.204707327,12.05788518,32.81909919,20.86320378,43.7613241,0.300043044,High Stress
11.19663822,22.55708625,17.76995642,57.69411311,600.9093619,6.564114795,26.6072546,46.88981264,39.60136289,45.43827638,0.456205458,High Stress
28.35276079,24.56495511,17.94661959,49.94085852,928.0114704,7.471970649,14.5528587,33.97989061,38.49259631,36.60749354,0.708901787,High Stress
15.30357562,22.6318276,16.54733023,67.89728619,566.6009592,5.890276571,11.73813328,11.32976773,46.14448195,48.26818284,1.590931853,High Stress
29.51082466,25.5065806,23.59835638,57.79667977,383.940829,5.800438392,29.53053235,31.30085043,14.04482984,33.9703333,1.149794325,Moderate Stress
19.36545464,28.64544738,22.18903303,61.98421215,221.7786754,7.315940251,46.56350973,22.61594571,33.20864463,38.6220392,1.045292693,High Stress
13.65318007,22.66209073,20.98043496,54.41836357,800.2850528,7.232532445,15.28337923,18.05827101,31.67143584,41.85083931,0.672922224,High Stress
26.82132782,29.97944273,16.564466,66.47137103,258.1064541,5.716377231,31.98262866,31.92862748,16.65917171,38.24850162,1.994925674,Moderate Stress
28.87465848,26.35808183,19.5657051,44.90877332,269.1206926,6.963925183,49.78896466,45.96532553,10.00060565,20.95347421,1.896295719,Moderate Stress
21.86711372,27.3845176,19.29212332,47.46863117,513.120789,6.367652139,33.28513599,17.08335532,34.51439204,38.97539341,0.732949207,Moderate Stress
27.04883363,25.14750688,16.0977207,62.04779013,920.1260783,7.383461657,32.83886525,38.50655108,37.94826048,37.60067869,1.208031855,Moderate Stress
19.9106135,27.29159476,24.90715874,45.29601567,918.7533801,7.479745848,32.12520153,16.8411381,41.28357742,20.51139207,0.339412385,High Stress
19.00175447,21.20920066,24.81238809,61.08764529,919.1744392,6.214440417,38.94419991,41.03725171,14.41126306,28.94765207,1.809453285,High Stress
36.61811615,23.29887019,24.35589179,54.04411575,253.491037,6.07206837,19.30205481,30.59941709,48.24071746,45.86092799,0.622708306,Moderate Stress
26.89596147,26.07885912,21.1450894,67.1282603,901.2945114,7.286676503,18.34411586,35.38596826,34.38029277,20.66849645,1.881023968,Moderate Stress
17.66679689,26.32298495,17.97874619,62.35554774,683.3294372,6.797161672,22.77976257,30.77748302,16.34401971,27.88146366,1.411162059,High Stress
39.7971766,23.57355654,15.37637633,59.56626249,890.0009118,6.484408338,24.33516978,18.38094178,30.1402406,23.28863633,0.344552935,Healthy
14.85700659,18.7904594,17.30364663,48.47237704,639.0100239,6.559570752,42.81112444,44.79862597,37.28358524,34.84047677,1.448384965,High Stress
38.68272958,27.78611356,23.11996908,44.48209779,955.0873394,6.915966043,40.04738744,20.11749643,44.40840179,44.35640717,1.820531757,Healthy
27.26765856,26.95566784,23.96724109,66.66935205,384.9967881,6.953064251,15.49351819,16.84172908,14.31646714,36.04629553,1.853864479,Moderate Stress
24.63926477,25.22298564,23.29169968,55.06826598,732.912559,6.174929359,18.49024587,10.72771433,45.71205391,22.56122893,1.175385441,Moderate Stress
17.83458135,19.04736688,16.52951443,65.36167208,816.0395777,7.324510395,20.13723661,17.4962797,45.92662373,26.39886482,0.030231206,High Stress
23.82720784,18.32214984,19.1105321,51.42612569,298.2682961,5.588784795,33.10756217,10.81513912,38.13376254,39.75089548,1.791989468,Moderate Stress
28.7008294,29.89187784,23.25472483,68.52835577,782.0635374,6.193642409,20.0673429,48.83390796,19.00119522,35.53941489,1.21351364,Moderate Stress
17.29330465,19.63938208,16.50977282,50.27293766,657.567123,6.703975394,11.16309177,31.92182698,34.31546297,27.11589235,0.491498314,High Stress
21.08588506,20.34675689,24.84770775,47.89346112,957.7989426,5.599184029,47.95252161,35.52817652,49.23631574,40.98997427,1.219275238,Moderate Stress
13.8271427,22.24357194,15.41514611,45.07516618,511.0075664,5.849124497,10.4955998,30.31714125,20.07416991,34.43594518,1.48826452,High Stress
19.27799945,24.05760356,16.93142593,62.61944772,719.8623658,5.803611073,31.85842086,34.53776508,44.53440612,32.54128632,1.659483971,High Stress
30.74154503,19.53054353,21.7753776,66.01475045,359.0208418,5.781161685,44.8843411,38.28731254,47.13750759,43.92645247,0.96954218,Healthy
33.46180333,29.63867787,16.94028434,45.40232975,732.9543092,5.951844198,22.14387356,38.28707079,28.67941005,28.99717128,0.518565595,Healthy
18.31532112,24.59157214,21.83078422,61.78731418,742.3665918,7.114088305,45.62394163,36.17653224,46.34890913,27.12396327,0.505056691,High Stress
31.97284605,25.72808287,22.15043946,60.02268794,867.1820286,6.451714246,32.65387295,29.76984485,37.1145107,28.55626599,1.180290658,Healthy
23.43610599,29.28539944,23.91329702,47.00483711,755.9926885,6.328961724,19.77426604,12.90851169,31.46944383,36.77323142,0.648249603,Moderate Stress
26.61283065,19.54808361,18.21332279,62.09775327,856.3587578,7.134298817,22.83057105,38.90834134,32.91536506,23.84179616,0.906049146,Moderate Stress
26.62920756,26.31581936,24.07356795,42.7038134,305.293493,6.806892007,49.72101621,22.9965348,25.84815094,21.88502993,0.425528124,Moderate Stress
15.88928403,21.53958777,18.70899424,63.66754015,453.3192927,6.553243301,26.99702343,38.10281731,38.91036433,47.29091584,1.263517543,High Stress
12.87049544,28.35995462,15.12208703,45.58347837,471.3062089,6.557571477,40.35478111,14.61998978,46.70752168,31.12674878,0.893568652,High Stress
25.97918033,22.83928518,23.31699447,66.62138881,674.0679794,7.055728345,38.21915549,49.8033882,22.30410872,49.71922422,0.585323497,Moderate Stress
36.1900023,20.27954023,21.98287629,47.94694872,873.0376559,5.973694387,35.68589243,43.19017741,15.65429412,41.23860565,1.693561117,Healthy
10.31005668,19.0407812,19.32216218,61.89725352,283.1053935,6.382234844,44.39154933,24.79364531,46.1761425,32.49060922,0.934853342,High Stress
30.34465329,28.04816036,15.80304858,47.71974279,857.3782151,6.313523787,44.71599447,19.96402679,28.59091537,49.9111988,1.414362069,Healthy
34.07870405,28.17065878,15.61597401,42.29989543,224.773138,6.507019731,34.81194408,43.77694919,41.56362183,48.88451087,1.00042341,Healthy
38.13579401,22.47598059,20.31134852,42.58210228,412.8129767,6.31435409,23.36559826,37.90716703,12.10241242,27.22508453,0.785137981,Healthy
12.61367318,29.64120591,23.35996594,46.34387944,507.9952625,7.070816764,41.44290123,16.7429225,21.61280117,44.16191021,1.298301899,High Stress
39.73606149,25.67935206,22.27223837,63.48847005,291.5970492,6.346069523,21.95913299,23.00648797,44.64076628,37.05238583,0.558600218,Healthy
18.60278438,23.00864847,17.36622584,41.04428192,936.4060117,5.799289771,35.40362623,45.07886192,28.40071417,48.72597217,0.023117001,High Stress
30.88095741,20.87934898,23.05396684,60.71684249,406.4815079,6.789541774,19.10991706,31.05855111,34.99489727,42.36893569,1.008620726,Moderate Stress
29.65265552,25.77059707,24.55156804,61.87309047,216.1628965,7.025707922,22.93676963,14.85760161,45.31803601,44.06841064,0.999625431,Moderate Stress
19.10982331,24.75686645,17.85461771,46.49036058,768.5769226,6.094392635,40.29521529,23.05230734,47.01507776,20.02551096,0.981088391,High Stress
32.1445406,27.79687765,23.6257896,51.69589754,951.1532972,6.285107162,23.2469541,43.52382845,14.18446989,49.47302972,0.666503551,Healthy
13.33281422,26.63619009,22.49990517,52.69917186,974.6384149,6.491642702,22.25245178,42.98952958,12.84133444,35.88505209,1.564899915,High Stress
39.97464206,22.58549044,16.32524096,66.9442932,668.3504108,6.192055636,18.27487521,15.04789606,25.2872007,30.59484682,0.984828752,Moderate Stress
27.96330849,19.98362065,19.17857643,68.34723967,800.7350642,6.039495222,18.66127099,26.76676412,14.07954711,44.22477969,1.859601765,Moderate Stress
32.08209462,20.08053208,17.38627393,62.93467106,335.299332,6.556332303,38.2739299,32.81202048,15.81946331,38.26614297,0.045748327,Healthy
21.89280676,19.39520613,20.89755018,42.07718508,310.8593423,6.328306875,16.06429385,37.34648603,36.08655856,47.49334788,0.812213423,Moderate Stress
24.40049193,20.51731653,22.1749753,52.92354705,398.7806685,5.545640021,33.30041805,31.29196231,13.85481241,48.41646374,0.666868872,Moderate Stress
34.29530128,22.15575228,19.88380725,67.69843168,250.7223612,7.101544999,31.09499572,49.72261902,43.54994704,34.84687155,1.139183171,Healthy
15.30924343,20.11534124,23.88388752,48.23609776,806.9534053,5.993973068,12.24869084,48.73389134,33.54474731,34.23251223,1.388062503,High Stress
29.83579168,25.00308669,18.53792871,69.41841235,403.3721159,5.654614639,48.87751241,41.11783759,10.56963465,39.35769013,0.075432173,Moderate Stress
27.59636301,24.30695071,20.29462205,44.03317163,663.1026993,7.479928738,15.22764045,35.73900357,23.12723783,40.16422748,1.061269779,Moderate Stress
21.77198843,29.82069572,21.4900586,68.48589252,805.7341841,7.230672567,27.58583473,37.5172646,11.64023224,44.15453318,1.584861716,Moderate Stress
14.55808429,19.5181245,17.86105021,65.23751607,999.6603759,7.263487328,24.73842847,48.84549645,36.58469326,24.54471439,0.124128424,High Stress
13.49509954,21.91705988,23.5496906,62.27067123,413.9244661,7.213162353,30.12549646,43.3751271,13.29624375,21.17703515,0.420887506,High Stress
14.95638327,28.48065808,18.68395069,46.46607827,813.0638364,7.111203422,49.3613377,27.85435059,33.74846406,37.3267617,0.792834535,High Stress
23.03077572,19.92630492,15.22487168,65.06282627,235.6625189,5.62983149,41.56812676,41.29011094,20.91932003,42.34812329,0.884772575,Moderate Stress
29.30644847,28.42250619,15.42318116,68.21362549,242.5352097,6.892644247,24.36302046,10.96593528,34.44533551,42.66060347,1.060683012,Moderate Stress
16.6183429,22.33597002,17.93528648,54.71185062,544.3502729,7.125620745,20.98793181,34.74158302,11.88167866,32.12458783,0.436119129,High Stress
22.04505194,22.86259639,19.61219696,61.66870488,899.6726982,7.173583471,46.53140651,49.02781607,39.0955342,30.82848082,1.909513029,Moderate Stress
20.10505998,26.88453284,23.44560443,62.41585602,278.7191865,6.302567167,26.31812978,38.98040094,31.92875806,30.13055186,0.013611369,Moderate Stress
19.18370856,22.56690851,16.54172638,62.925074,918.2964901,6.831165152,37.1923777,21.14643182,32.15466064,22.90575814,0.207396017,High Stress
33.41807973,27.73438989,23.29031451,46.75190953,705.6374332,5.727650201,35.27734505,45.73194877,23.27751655,22.30397691,1.014575794,Healthy
14.39354034,18.31669793,16.75664516,56.73128859,760.259674,6.463526191,19.95454439,45.87662238,11.39850863,36.55010476,1.668934067,High Stress
22.02178537,28.29087179,24.35642047,43.76651212,563.0742434,7.403226147,13.6980892,22.70124999,25.87062058,42.02926703,0.409103647,High Stress
18.94205599,26.78005212,20.75336183,54.83278888,809.8710654,6.103346302,37.66112504,26.59645965,14.59565599,27.15484519,1.610750342,High Stress
34.79532797,18.46307455,22.43253755,41.92639629,966.5056496,5.983602997,21.71304214,46.04269379,27.52940583,38.72103384,1.589356708,Healthy
15.61000178,23.19546423,24.2272806,42.41591624,735.3431557,7.256064764,21.54116401,44.07142171,49.68149237,34.46115689,0.289456472,High Stress
38.46147959,18.79156814,15.35578168,65.89791681,601.777123,7.390376052,13.5018395,48.64646647,43.45221801,39.83678902,1.909232098,High Stress
14.55692166,18.69576867,21.61842502,69.29313903,552.4705053,7.214745141,49.72826853,13.37654049,18.25492537,21.42395978,1.351454084,High Stress
37.83519589,22.55826824,24.75719481,45.1628232,790.4106108,7.304417024,32.77827259,39.75728534,23.69311428,29.65016751,0.115961208,Healthy
31.44292206,21.23636785,20.37424523,48.13638503,854.6076038,6.66864223,21.73043584,46.55527493,22.80506805,41.10898042,1.109745182,Healthy
36.21805038,24.6060455,21.02559966,46.47517918,436.869532,6.777387663,20.46266717,23.57454723,48.94171711,26.63931957,1.41949822,Healthy
11.20824462,26.62679109,20.37489765,53.95551133,558.252344,5.700400423,28.54972498,34.25591758,24.24020323,48.9123442,1.03509069,High Stress
33.91395458,22.81979747,24.0122674,51.88736412,726.5616874,5.746118146,44.9084564,10.11022241,16.64423003,30.30460554,1.646812005,Healthy
21.17162576,22.28073171,24.8078029,54.93390808,434.5322676,6.836457979,16.7177624,12.53079548,16.7513171,42.6333091,1.642641018,Moderate Stress
28.22333752,23.24610414,24.88382401,50.35513417,756.8447641,5.568205704,11.58868517,25.30448851,38.48962959,42.67396371,1.000756299,High Stress
11.98374109,22.52490597,21.99985945,52.28840179,908.5455866,7.476431776,28.79111168,29.13085744,32.90098941,40.39440341,0.354874995,High Stress
23.83834776,19.58520933,18.48353675,65.71101379,872.5575475,6.306214209,41.19809587,35.60775983,22.59234483,30.49995204,1.289358312,Moderate Stress
23.88340933,24.61766692,17.8800954,51.06647414,473.6317209,7.20581941,22.3095434,42.33398222,16.13733247,44.35548202,1.609077654,Moderate Stress
15.04497679,25.24605507,17.45287891,44.00126926,453.7958647,6.43792441,38.84296591,28.05159708,30.37810865,31.99621366,1.402517474,High Stress
24.44978258,19.53581826,15.62355972,47.07096155,577.6528097,5.920696908,28.19970705,34.95767111,20.83176993,28.50325776,0.508617711,Moderate Stress
32.65925742,23.35461969,21.51669045,61.71676458,627.08565,5.51764151,35.65246989,40.11572352,12.73973995,42.4643283,1.394603095,Healthy
36.61605911,21.63710913,16.75509031,65.04039268,799.9106389,7.367945377,10.60961385,43.71592458,31.19694707,31.82832315,0.12420179,High Stress
24.47126376,25.66654104,23.48739735,61.05665025,463.9792675,6.99238206,27.73859633,17.614788,33.87143655,41.77260507,1.900168408,Moderate Stress
10.00664821,22.64573612,21.25046494,68.62353693,928.3929821,5.817953049,15.47352553,18.27161089,29.50210999,23.27405353,1.433305343,High Stress
39.7585718,26.45070623,20.24787135,54.47930466,252.2583499,7.45096444,28.74453576,21.81757721,47.6394159,21.47294823,1.170638543,Healthy
39.48657505,29.92758246,19.44267521,60.8181333,733.5045619,5.840525211,46.62048084,43.45996107,21.48344845,49.69949227,1.164452518,Healthy
29.08482906,21.02752408,18.47139131,55.40998982,717.01454,6.680818314,17.18914099,16.14108756,23.50163886,27.39154425,0.250327754,Moderate Stress
34.07464633,27.26618006,21.5480375,65.75177151,779.5142895,5.704760374,42.57569283,18.3833642,10.2433875,45.08805867,0.074012609,Healthy
34.58547124,24.05952551,23.31030593,68.57440183,940.3231125,6.927867005,19.78402243,44.03717874,26.66093563,43.08025619,1.04487191,Moderate Stress
34.07188088,26.80503895,22.52948189,56.51157705,377.6549846,6.723454752,25.85009807,32.53885683,42.36540612,42.42109276,0.525127722,Healthy
22.25473412,24.8124824,16.72626288,64.69651032,593.3792047,5.780394036,36.50056561,12.40741694,34.52997772,29.78625236,0.236189858,Moderate Stress
27.41120856,19.64515808,17.41336803,46.77953915,474.3767466,6.433117464,13.10177042,43.68565467,24.31295766,31.83423241,0.781992077,High Stress
36.90260257,28.05149852,16.80027347,59.05426108,442.4605003,7.068133553,44.65272422,42.46749989,37.13909407,48.85104624,0.00799337,Healthy
15.86037767,20.55024246,22.72585564,52.81787047,910.3879576,7.122240117,36.32352133,16.66834625,17.51230536,31.70344962,0.042466749,High Stress
38.45667973,26.69394685,20.04596646,61.90566164,909.6860448,5.696962007,23.82969563,35.17291129,31.33718877,33.21198354,0.148422154,Healthy
10.58658676,26.79237045,18.37338419,50.31464452,819.7001439,6.540777879,45.71052368,33.83314257,37.96948114,30.87372454,0.305623438,High Stress
22.52416336,23.76041969,16.45319188,48.8633271,271.0508157,6.334763299,10.87751392,31.93486419,39.87878132,43.29700347,0.892602604,High Stress
10.19353242,28.51825431,15.51662622,46.68803806,580.1763464,7.497811671,38.60261977,22.35805181,25.76996573,44.84240749,1.063157761,High Stress
12.91079653,26.26346477,17.64653837,54.39692208,677.5356222,7.1283701,49.18227483,34.90495662,25.93595687,41.96647296,1.35367609,High Stress
11.4696305,19.30232237,21.94692694,56.66196879,782.7279404,7.026922451,38.33642895,26.45508254,40.87018303,21.02798665,1.532570419,High Stress
18.77759046,29.64984202,18.16897018,49.61514843,771.6097441,7.123051494,16.0086015,44.19763679,47.63369707,40.02584203,0.96753359,High Stress
28.60220342,25.17403615,15.5227326,56.87116472,691.4413933,6.187063942,46.22740687,20.29850611,17.27345811,21.06534796,1.546871682,Moderate Stress
12.13673047,27.67134626,23.20802865,44.87686496,975.3098002,6.378904139,47.07037845,25.69308217,49.64538196,48.15675899,0.129580319,High Stress
22.16618938,27.84781038,22.84119557,54.21948151,613.5405161,6.318026408,11.93402137,36.41353318,11.23480278,46.06359955,1.902504208,High Stress
35.15619553,26.35467139,16.47525789,47.44899317,759.8267887,7.423404906,21.82915277,46.04735505,20.21707437,31.91801133,0.877256465,Healthy
16.74517532,19.02636529,21.8765448,46.37984533,261.756121,5.597880983,40.69767272,49.60391188,48.67920934,33.76936643,0.233526261,High Stress
20.71939439,28.92418852,23.40764533,62.46314232,848.7851964,6.621661852,39.5815452,18.38674725,40.76681444,40.4372925,1.066045468,Moderate Stress
38.98352506,24.59086753,22.93838366,65.40311351,681.0778717,7.431821791,17.00217509,42.49899102,21.93982812,33.12779426,0.467626307,Moderate Stress
24.93368236,22.39484493,20.30712266,63.38884687,868.7362697,6.738013847,33.80146785,13.44690142,34.47070349,32.03680935,0.491731408,Moderate Stress
14.18607538,28.25925884,22.774534,56.41547049,886.413693,6.676400576,17.99179534,33.86021471,45.43261889,34.77686737,0.683857051,High Stress
16.11297514,20.89241817,19.90512282,42.14359128,745.1004824,6.821806361,21.61349708,47.68940734,42.00561509,47.94415091,0.519249265,High Stress
22.99557956,23.96367974,20.37877628,59.01279153,571.8790915,5.857548947,33.40980037,19.68463173,23.14160597,21.55737658,0.043663945,Moderate Stress
19.63133191,27.63574659,22.56813935,49.08300091,349.4598529,7.317621354,49.72958757,11.93261234,23.42324227,28.25113693,0.943958318,High Stress
33.13762387,27.77363437,22.37802781,57.10865704,605.2040495,6.956845965,20.66147752,42.42882752,44.24316791,34.6216886,0.711451308,Healthy
31.36645784,26.38200318,15.67769646,43.17570226,638.5110255,5.983666478,37.36548806,34.48189031,30.97631408,20.91003548,0.840701703,Healthy
10.02856537,25.97099869,22.6043397,49.16862894,558.5741367,6.355763884,30.83730862,24.09235664,30.32522276,42.32402995,0.423394205,High Stress
18.74619316,27.64206446,22.6786686,43.86012386,210.6669108,6.387669626,23.41435201,29.39231119,39.93108101,30.71508104,0.82489275,High Stress
22.60902981,29.42271782,15.28353195,54.00408976,931.5136795,6.669176251,27.20470809,25.24581527,46.89212088,21.91680141,1.685747034,Moderate Stress
29.58690109,21.98991919,15.65892121,49.60316125,869.7043426,6.925317983,31.26266228,11.0092881,22.02245635,20.39430112,0.814852859,Moderate Stress
35.96533408,19.84476846,19.08812731,67.37838261,543.3521304,7.450584685,47.47585882,46.12504435,16.28739527,49.35621831,1.803040556,Healthy
17.94015783,28.27788463,21.44051837,63.86884661,359.6703981,6.929084107,19.72238706,19.29899325,38.58625605,22.79353146,0.669115921,High Stress
25.64270574,21.08874338,17.09888544,62.58394548,740.1074537,6.421434347,42.27662154,47.98382922,47.2581712,28.60766333,0.308077253,Moderate Stress
30.5491077,20.44587767,18.67367336,49.86545729,805.1959416,6.893493895,30.14302487,11.34569289,12.16771497,36.70831283,1.602498583,Healthy
15.19523987,29.76886673,19.78685905,65.53723645,291.6933046,6.436416698,24.53118567,31.75515804,28.49423145,45.19091138,1.28963893,High Stress
32.70938591,21.26433723,15.65046255,41.61410295,591.5913255,5.549408178,15.12784203,25.03177609,45.86266069,21.48585004,0.558550629,Moderate Stress
34.79779838,25.8633261,24.7946394,66.85158685,960.3235191,5.716853084,33.34100162,43.10778721,20.71257149,27.46719046,1.461413174,Healthy
37.31486193,23.61086581,16.7209233,51.4069963,595.5841804,5.518750387,18.56819821,46.1169124,15.48442515,30.34312542,1.918034956,Moderate Stress
24.05040306,22.30932313,15.74303747,60.87920838,597.432728,5.566213183,44.0280001,30.19036097,33.68928953,25.3142827,1.945026706,Moderate Stress
35.78499849,28.67844324,24.73221598,67.05965616,672.8736482,7.217819397,48.30366722,39.67584503,35.95714422,35.44606441,1.276655556,Healthy
29.74269729,24.37812525,19.04298897,59.07564703,681.4448249,6.597078286,46.65380483,11.72026026,16.4996083,49.96185807,0.759474262,Moderate Stress
33.79019237,28.92632835,18.37316077,49.71660246,514.0131903,5.573741514,20.72661863,21.15598217,48.8483449,36.11704818,0.202702478,Healthy
11.60868135,18.25957796,16.13680033,59.26756224,806.16614,6.577946067,28.2548088,40.38699858,33.77581711,34.30407978,1.946092433,High Stress
34.01058737,18.13578254,19.25115855,57.82819941,567.1510807,7.408648214,17.0223243,41.04557019,12.57199019,21.90286046,1.962153684,Moderate Stress
19.58667855,29.84758576,23.2838451,42.69031539,826.014525,6.88708633,24.96246867,22.69681109,17.70440337,30.10486414,0.2074762,High Stress
24.68782501,18.49106579,15.84840999,43.50325347,498.0403939,5.997079691,40.82481981,13.78276714,40.93104652,32.16063219,0.600924158,Moderate Stress
39.38051399,18.40428466,15.17749761,47.47879863,523.2591047,6.705471528,24.16486058,34.17451376,42.85699209,45.02078915,0.633538807,Healthy
13.3208351,21.03089268,17.24939813,65.56950659,515.5982061,6.577933016,36.36759755,17.24845924,46.27079433,27.33689323,0.712500302,High Stress
34.54099594,23.07526072,20.40000651,57.20073788,483.3815417,7.390786931,46.58752169,36.14950953,11.40546442,26.516817,1.464431676,Healthy
15.79716724,27.09937088,17.40636376,49.69217371,778.3427119,7.480228745,19.91490773,24.69587932,10.91872013,48.40010527,1.090697403,High Stress
16.79516545,18.05304855,17.19756525,40.03650884,577.6883533,5.592658897,17.16561589,36.75081952,49.40533993,26.99617597,1.648817862,High Stress
10.31931552,25.49975314,17.10716161,45.54737956,401.7949139,7.250843248,34.83179408,34.7116623,16.49998538,35.80923317,1.946921567,High Stress
14.95127629,28.1448083,19.76793919,60.04383982,320.7279801,7.441796722,36.14175518,30.49286292,42.79289468,21.38528052,1.667359947,High Stress
19.98856262,26.54475301,20.41174256,58.2835917,391.3959805,5.973938684,15.64742885,38.58883747,14.63946751,37.20842428,0.127978165,High Stress
30.14744002,20.37715104,24.70427256,68.48652575,365.7623433,6.112576583,15.81358729,22.93505507,11.93124007,30.80524212,1.464197925,Moderate Stress
27.53365158,22.61460397,20.06870863,69.95761491,769.838437,7.019524761,14.79161697,28.86238957,34.311858,34.30594635,1.878388297,High Stress
29.10332716,18.12534022,18.70402748,63.97162674,247.7882202,7.110622409,12.13857786,46.81762128,43.5667288,21.41979441,0.994858513,High Stress
14.703892,22.23813365,18.06358324,40.45824889,986.2533152,6.873454183,36.99620386,32.51541821,42.6297837,34.21855205,1.905106712,High Stress
13.72570588,26.60727889,17.01740901,53.36374119,397.3614211,6.980799708,26.55443539,33.08851792,36.86822059,47.2027795,1.35297513,High Stress
23.13856094,22.98764449,22.13289042,60.15800363,590.3342995,7.460327233,40.05518337,48.24496051,19.66186842,44.89448495,1.34214086,Moderate Stress
15.95844722,20.61219434,23.43276822,47.98083881,646.2677477,6.038827226,39.05890352,19.71613753,36.81816339,22.58028932,1.905951513,High Stress
28.60251477,20.87239726,18.72123264,49.12490609,868.9526181,6.877948555,14.22241577,30.43457315,21.68549715,20.14127127,1.21794557,High Stress
20.47026554,21.3231834,16.41167179,57.28222285,877.7955236,5.911514964,30.27559802,23.48201481,36.08723744,37.79863164,1.141604888,Moderate Stress
30.29305071,29.89250375,22.38248131,69.12316601,348.2776898,5.774395439,31.83759864,23.82052202,11.16239932,37.15179556,1.838082298,Healthy
37.16620887,21.92460592,22.32714413,60.45462314,846.7357835,5.815429817,29.62836173,15.78752227,16.99223263,31.4959519,0.692012606,Healthy
17.54174095,27.64655266,15.05866198,57.56473727,206.1472183,6.045506242,21.49199945,14.29134447,31.78319101,23.37300313,1.754981149,High Stress
34.69815535,18.12750254,20.16905153,59.79841793,787.0472334,5.639162373,30.65348151,38.1869392,13.6957961,30.44533179,0.374614333,Healthy
25.88569742,23.18043477,18.33068641,63.56098266,799.1586513,6.471365189,38.27663504,36.79592129,19.4956041,33.31931111,0.458783454,Moderate Stress
35.89380418,29.40476246,20.74239799,49.17665858,990.128533,7.184274693,32.90194353,34.38479574,33.9272902,35.8798729,0.400553063,Healthy
28.96551209,26.2030619,15.96594398,47.93864217,851.8539656,6.866519373,27.28067896,27.34603386,20.40563825,41.4174612,0.103417558,Moderate Stress
33.9947232,21.20983875,23.58580245,50.27215485,539.1483746,7.137143541,43.17226712,36.11052636,42.9776699,40.88848384,0.765541046,Healthy
30.86479257,27.67040521,15.73827687,67.04994161,212.6232,7.22040251,27.96515139,26.70118633,46.16290763,36.72741119,1.602569447,Healthy
11.06729032,18.20101033,18.49322035,68.11949037,319.704163,5.606925687,12.57164789,44.17286713,13.91299166,29.23616126,1.967530301,High Stress
34.55736414,26.15653223,22.63869844,64.57358132,884.6097195,7.25292929,19.31526274,11.27252289,22.23126165,38.91958173,0.799048069,Moderate Stress
12.82208936,19.34266137,16.05105738,40.41413731,751.6661141,6.196983008,39.29042861,39.93475777,12.59635666,28.57113633,0.453135363,High Stress
31.79243247,20.18330835,20.63602678,63.78696913,352.5136993,7.154254487,15.69333976,25.65118434,34.18617954,24.91561924,0.707067103,Moderate Stress
10.87169389,23.75086454,20.30181238,53.05149091,778.358906,6.989502416,10.9524099,22.74979511,33.52531691,21.75376106,0.054251227,High Stress
39.81537878,20.2771955,18.9226839,54.43601719,228.894018,5.566824157,35.08135061,46.86679827,47.26147699,37.11228146,0.482219995,Healthy
16.51310761,22.80022405,15.45025693,47.57711933,682.9691371,6.025948857,44.53946692,13.48401338,17.50008421,36.51917076,1.321676612,High Stress
33.42878627,25.16401593,15.65607875,61.90244836,824.6883418,6.146266639,38.7557446,21.41108104,39.80869951,28.57291065,1.041817879,Healthy
35.77951918,18.94406408,20.34645496,48.54999539,861.0699175,7.255940289,29.07828659,44.38012021,45.34268864,47.28261772,1.24936866,Healthy
14.88382958,23.7412043,23.37149977,58.67817832,440.2564116,6.778174449,25.65977977,24.33643451,43.26514003,29.69618339,1.170326791,High Stress
16.47134264,23.84904247,17.33283188,42.49224471,724.2160429,6.074312815,21.78716185,23.71139469,38.91107006,40.63222893,1.399171189,High Stress
30.93850744,22.15555925,17.20086057,50.10871095,576.5963106,5.737784431,31.6095787,35.28657157,48.67833273,46.47356067,0.984247021,Healthy
23.80101477,27.22399825,17.33503018,55.71638951,563.3264125,6.022447858,15.20043119,35.84902122,20.3746536,21.63902516,1.651514779,Moderate Stress
26.50991455,23.35939769,18.81322219,50.68543571,345.9602541,6.725981753,48.53686364,49.97440706,10.0520147,38.85270875,0.586637518,Moderate Stress
17.54372029,29.61533444,24.16580053,55.32340373,985.9674147,6.111784451,31.10930242,13.05533664,24.64658898,43.85879679,0.224925579,High Stress
22.60125383,24.75656504,16.14391736,53.02385222,829.8554094,6.512937575,27.92405836,31.92819559,43.6244333,43.60443901,1.085252318,Moderate Stress
22.46982432,23.27301257,24.10147525,48.39287655,533.5744324,5.556144762,47.221518,26.35884085,17.49446316,41.00320849,1.623292663,Moderate Stress
35.15967303,23.13658335,23.07698406,67.25303166,577.1777105,5.911408905,14.32318694,45.0397419,12.44704467,44.80001331,0.264478097,High Stress
38.52978388,19.77743985,18.74425929,55.38083841,310.1377528,7.145563607,39.6072994,36.75360048,40.02785841,48.65345845,0.417143478,Healthy
17.08217425,27.40006196,15.90029323,68.89670771,899.7430762,5.82740471,29.33107747,22.23687441,28.41079897,22.95874885,1.167507313,High Stress
27.67889812,28.0794337,24.07083638,68.95140047,301.6447355,5.745845727,25.25139439,42.73855631,39.69144093,49.08853443,0.709206564,Moderate Stress
12.23985145,23.34834207,15.19944562,42.49724604,760.9061036,6.392384732,47.09404927,47.29337746,15.64698698,34.61163715,1.740895885,High Stress
20.21914083,29.85381449,21.50363998,68.4783935,644.3907802,7.016129944,18.21695979,40.96798378,23.38899695,20.39085201,0.757773865,Moderate Stress
14.09751658,20.97468764,15.75794486,59.04776579,765.9397473,7.229182765,38.96018661,19.09771548,41.56636011,30.89933084,0.159780116,High Stress
21.53198265,22.38561846,24.02625237,42.01805879,782.6988515,5.571931101,28.82247727,19.69956521,42.34869004,21.70795974,0.97466124,Moderate Stress
21.8114412,23.86184192,15.76799128,68.69170162,746.9156077,7.472701701,39.15486788,48.88700836,28.52270586,21.79625571,1.202471175,Moderate Stress
16.76889246,26.3670531,19.49935108,51.77738892,226.6305433,6.818970827,43.80754786,12.62989175,42.08360765,23.80738345,1.688484129,High Stress
13.70910089,26.51255201,24.03050826,41.54937003,259.9538312,6.243200765,41.28562318,27.26104344,24.09626843,47.65993811,1.509597744,High Stress
25.05581631,21.07661242,23.64546967,61.26476134,227.0417669,6.101790153,30.95730563,14.05396227,46.94232388,22.57971034,1.463580964,Moderate Stress
26.81469907,27.64657279,20.13367344,44.89396172,303.2403646,7.209155207,45.34438017,44.49179422,43.52379983,43.97417085,0.162052125,Moderate Stress
14.75196988,27.88489791,22.71416134,68.46126008,985.429328,6.419370948,15.69131372,14.68076729,47.54915966,46.9890925,0.444660043,High Stress
39.80327969,23.78484025,19.78347541,55.82465214,659.2749354,6.29034774,10.34913673,46.30102549,36.16433523,25.87375559,0.443017784,High Stress
39.99316429,24.70454106,20.44217369,60.76173837,232.1647458,6.612719738,13.86389944,44.69987987,29.87230491,44.89969823,1.23574274,High Stress
15.38926638,26.57257664,22.94962481,60.10467336,520.0550534,5.656799896,38.33102863,39.58584345,21.84482035,43.63751633,0.265168509,High Stress
26.7440914,20.30320121,21.4973291,61.5227434,575.0020085,6.874059619,32.50894319,32.91391682,22.97009324,36.38865038,0.139030281,Moderate Stress
12.19811666,25.01848253,17.85511773,41.19037282,751.0513509,6.861795363,31.27895588,25.90895376,18.47846501,33.93295609,1.610348191,High Stress
27.10336046,21.92953137,18.52699816,55.41326116,635.4883646,6.989711304,29.3326046,19.95159201,47.53150864,45.27677572,1.802839671,Moderate Stress
17.34316795,18.24481033,15.56753504,67.75696271,507.6032941,7.398076419,37.25088815,25.15508736,36.88021791,38.98071709,0.230822747,High Stress
19.72104231,28.86188769,18.61319853,44.02207061,360.8292816,6.489062502,28.37326879,33.47743642,17.82893992,24.32084758,1.942239591,High Stress
24.79387786,27.93455176,23.44904967,53.815446,633.5869529,6.255946142,27.69061883,23.9340509,34.08078505,48.55384368,1.819300965,Moderate Stress
24.45175051,28.08196871,20.10339728,66.39444961,708.0147347,5.685206444,32.73755578,27.53916931,40.8017492,49.81865531,0.497972644,Moderate Stress
29.27962148,28.30578006,17.2662513,62.48807401,922.4710553,7.363209852,30.49380834,49.47146915,27.57562458,23.06349037,0.616151274,Moderate Stress
26.52221752,24.81478879,15.7231778,44.43553233,466.060352,6.329977651,12.77017909,10.59811627,29.74381973,46.16041705,0.126653302,High Stress
31.90207587,21.13752987,23.11354578,42.797623,243.9817178,7.341428462,23.90120317,48.14574524,35.21159822,25.72266282,1.954425563,Healthy
39.8037617,20.80113856,18.77504931,68.0836625,886.3012408,7.386237556,26.4017622,28.47230931,35.66711022,32.7338233,0.505806303,Healthy
27.49251499,21.5910208,17.0983709,50.29084869,815.3218435,7.480327487,38.52026104,49.44543185,16.5775506,22.02519518,0.850995281,Moderate Stress
24.41479734,18.40859212,15.7080712,65.88720982,959.0920348,7.366841645,28.92900355,36.22223001,47.09442657,46.75570436,1.16812499,Moderate Stress
29.50596228,26.39600479,23.05506458,56.41131887,423.6472255,5.617641659,21.91685812,34.46684739,42.18661022,47.39509041,1.748397482,Moderate Stress
14.70217768,24.24793008,18.62290579,41.00893286,732.7838332,6.111568107,41.08061505,22.45455846,33.10986151,47.4870778,0.224236825,High Stress
15.17691214,29.8043533,18.85113828,60.88808277,779.6819195,5.996457096,33.17104651,24.25120309,18.12306775,30.11320308,0.241558719,High Stress
16.67688111,22.30735081,20.95375001,52.39053415,659.8792216,5.73038543,33.2845437,45.85713916,14.00330941,46.26449672,1.485870403,High Stress
32.47203276,18.36431932,20.20548778,55.27379826,725.9316941,6.452040693,26.17250852,14.72413067,14.07342908,32.60525745,0.066357582,Healthy
16.12974971,18.85485547,20.0306199,43.03598652,317.7415647,5.827048758,34.83378234,35.25664512,46.80732879,21.16725476,0.674148264,High Stress
35.56065539,24.97169804,15.13899509,55.73496702,732.991248,6.580266831,35.06059144,15.24703568,18.59051413,25.07490325,1.25096987,Healthy
19.26952871,27.70626567,22.05798826,48.91204978,394.6703403,6.708233836,48.3698055,13.54868755,42.89340678,24.94132613,0.135122595,High Stress
34.49666681,26.21646402,19.10485365,56.60399461,731.9292209,5.617296167,47.53011782,34.10325932,27.86665614,37.30615859,0.857120629,Healthy
24.64079142,21.71711732,15.84683997,55.1324641,745.0245157,7.406688031,23.26413498,39.08705406,48.62837484,48.30990736,1.197309735,Moderate Stress
30.9265155,27.73903821,16.03008571,52.3161625,337.2761333,5.868643792,37.24848933,37.26840427,46.71657094,26.74116594,0.350497284,Healthy
32.49791723,26.63462475,24.9543795,62.45689262,427.3870256,6.590363274,19.2328375,12.46734957,19.51597812,22.75468031,0.136266695,Moderate Stress
29.06152403,20.33334676,15.10312939,44.08544911,380.5309397,6.135662772,38.49520452,28.00544754,21.2032572,33.53015708,0.006847053,Moderate Stress
34.414059,21.00040649,20.89097761,44.75784898,546.3121808,6.708224937,47.22125163,24.77760219,44.70058053,33.98163716,0.748541156,Healthy
18.09234321,22.09708557,18.24373216,68.77392111,731.0851029,6.954936272,31.26331751,14.22785811,26.74688122,28.95911447,1.496765726,High Stress
39.10925453,21.81127739,20.53276112,40.7427387,909.1563264,6.297639196,23.31818426,38.64539703,47.67421712,20.59308843,0.459228878,Healthy
20.0934878,18.80502205,16.62288225,43.2835025,609.2309926,5.542422178,49.53118476,41.52462276,19.83645202,36.46420576,1.338653692,Moderate Stress
28.11384815,27.08226989,22.20219112,46.55364732,659.1623713,6.444494474,19.63636189,25.25634224,27.19316745,45.71630575,0.121151105,Moderate Stress
34.2236828,29.36381416,20.97254306,44.89833269,440.632304,7.26990239,39.83056148,48.31563134,47.55637129,43.97207739,0.45831814,Healthy
38.10684645,25.02338551,23.28928147,68.18989439,765.2551465,6.449988459,17.98458825,38.09160836,33.39842946,43.25626974,1.793531326,Moderate Stress
34.9105713,23.67083879,22.12356328,59.2331259,948.0152891,6.409237847,15.10998959,31.21710374,21.9783808,33.25325243,0.15974508,Moderate Stress
27.71162051,23.12243666,15.64301904,45.89838897,281.7505406,6.347397877,30.06609863,44.80303858,30.37463124,28.0389975,1.052971318,Moderate Stress
30.08785155,19.1912747,15.44136637,68.23493135,506.7473133,6.026073707,45.51392088,46.35164502,36.64725128,20.92471903,1.131524852,Healthy
25.71346506,21.24587942,20.81899106,51.84427845,663.5948846,6.371380807,28.04352881,13.1109124,32.25711492,28.58040138,0.232104559,Moderate Stress
14.43774938,28.88508597,15.20749645,40.8466703,737.0790729,6.099907019,45.51287735,12.72414302,45.70717724,42.78029249,0.963476225,High Stress
31.23645569,19.16410904,19.69379124,43.54280287,841.6816328,7.381187524,26.85367353,41.71945588,26.4583206,20.82881176,0.499163795,Healthy
27.13712328,28.71842198,16.64949759,65.52200095,468.626488,7.108637311,34.40552611,23.62056989,25.61236634,31.01306429,0.158873256,Moderate Stress
21.4742027,26.70065602,17.72951871,50.34084209,835.3220982,6.413025365,34.60411046,41.25518055,49.26523192,33.52680756,1.904158065,Moderate Stress
21.51789852,22.36114772,19.83369319,54.20265089,416.5832835,7.200180169,45.80059873,22.25493295,27.82456211,24.3257812,0.115073342,Moderate Stress
26.95156098,19.28693163,16.59537462,58.05304239,928.0159725,6.565320767,37.84051703,10.26567086,49.74640822,24.09773599,1.43136905,Moderate Stress
16.21698334,28.2646534,22.07876501,48.51138635,960.992205,6.038184251,39.58001136,14.08312977,46.11541292,21.44574511,1.712714989,High Stress
20.34038006,21.47829081,19.9928106,42.96958684,961.9649736,7.086435743,31.11898822,18.63348182,20.47962373,41.32358579,1.473233472,Moderate Stress
38.35694973,23.88035578,20.72719714,63.48636728,401.0564944,6.260208325,49.34777606,13.11943638,36.62793875,45.98162015,1.28661882,Healthy
21.16125483,20.08708298,18.9601019,50.44276395,458.2016452,5.552337245,13.97866326,16.34684391,31.17605614,31.49661346,0.034547061,High Stress
20.71239575,20.71360101,22.70273289,68.87024886,864.5616552,5.985216891,31.46985568,29.59057554,16.33395111,21.0924573,0.467164914,Moderate Stress
20.89023028,18.78936408,19.96127866,45.89170773,857.0984162,7.196814596,34.23795202,17.75616235,29.94657926,25.3172873,1.592586775,Moderate Stress
16.37874096,20.71092424,23.59599878,41.20531264,738.0111556,6.39143612,25.53878859,47.33781529,17.76858143,49.4659071,1.085058213,High Stress
27.99090239,22.90256966,20.10447345,51.24363874,305.5245891,6.614411842,39.09958098,32.16179751,35.97800933,41.22120166,1.359723757,Moderate Stress
20.28468032,19.85007999,22.91104481,40.97731915,449.4786062,7.084476702,14.99134508,12.65888816,23.04713225,32.61873018,1.278685027,High Stress
38.77521209,19.44102343,20.85024672,63.81838744,794.2144065,6.055219439,34.94783716,40.83813337,21.50991853,35.56810682,1.139304973,Healthy
35.62155745,23.16212337,19.37547479,53.2899299,278.0516398,7.497822504,12.27930556,19.68222907,49.06331463,35.50278654,1.366241013,High Stress
24.26653101,26.09912832,21.56014901,55.61488844,418.503416,7.067072333,47.47825481,30.85172731,39.16581711,34.31323515,1.150419219,Moderate Stress
37.50097508,18.63248267,23.25282091,44.87563202,780.864396,6.20058887,35.57616198,12.52881866,43.54166775,23.24057813,1.525663203,Healthy
19.84115483,21.16835184,15.34329478,48.23630461,896.6482649,5.547187591,41.87455141,11.93811337,16.81633813,33.67170344,1.705767779,High Stress
38.34938201,19.31615479,21.98525857,55.192993,787.8890301,6.41244632,29.54312405,30.36253201,42.93472435,49.58684459,0.255577694,Healthy
11.45418045,24.17160075,20.9133634,45.79778262,481.3724354,6.529792825,25.80144053,10.0176902,47.43710384,48.16856338,1.601367703,High Stress
17.59267238,19.67400772,22.55635554,47.31832938,517.4828215,7.408870327,26.31899431,25.63285836,35.76361059,39.1963549,1.468542119,High Stress
38.74429882,19.87918916,16.42548004,64.26342616,317.9160403,6.116628943,49.95113598,35.10549799,12.88349772,49.70611595,0.247182588,Healthy
13.79584141,20.36849547,21.00233555,56.67194053,793.2170537,6.032838692,31.90957818,23.09577486,43.62408827,27.60470324,0.222927849,High Stress
31.51015279,18.79069763,19.41132875,62.40063321,213.6474211,7.271090343,36.42846685,24.71585631,26.15930232,31.69437736,1.158243041,Healthy
32.58382929,29.4221406,20.10332978,43.45545139,637.672433,5.594653342,46.95006844,38.37859128,36.55572066,27.72534942,0.002375966,Healthy
36.16566586,20.11791204,19.58005623,42.90008914,649.3083237,6.261840915,42.9781954,48.10960206,35.9999762,29.78980917,1.212042339,Healthy
35.5652141,25.50470083,18.3407013,49.8493546,435.4537185,5.793860091,31.98616419,11.44082629,13.38397361,26.15992992,1.992459912,Healthy
33.30521631,29.54656164,17.14439358,43.92968783,452.8675581,6.240661705,35.22921281,26.85709203,19.23439045,28.76177793,0.996410479,Healthy
23.06643851,25.30376548,23.07234362,41.38389074,922.9270303,7.021499869,17.52280634,48.87361051,36.86248401,46.86707428,1.814573495,Moderate Stress
19.04809318,29.05897097,20.9906175,42.62616731,833.1305933,7.376464117,32.49737136,16.39839827,36.7459836,28.66141784,0.809682327,High Stress
15.99086865,27.32777001,22.19477689,67.58892416,570.7795121,5.987600166,33.9591764,34.08309767,11.68632149,20.93702858,1.332465244,High Stress
20.19105885,19.40636507,17.90245035,42.74450654,253.4908109,5.62765327,31.95387314,43.01707476,44.76149499,24.58702847,1.165501483,Moderate Stress
33.7468866,20.13941544,16.13127577,47.40627037,970.7682874,6.358154914,16.99535565,14.41664247,49.89709503,49.86208596,0.141208332,Moderate Stress
27.2943374,27.05110446,23.26712383,61.22909813,905.3212151,6.37553968,11.83370234,39.38296714,10.74389277,30.2992572,0.958835311,High Stress
38.39600306,27.48822624,15.07651407,59.01637785,418.7349162,7.459669958,40.76231156,24.65909885,37.6160262,29.09482268,1.44128328,Healthy
15.75546083,22.27190605,23.61958748,47.02464634,994.7134921,7.450329779,45.16640086,30.38493721,39.74807736,20.99772655,1.852825787,High Stress
34.3049112,18.98822851,18.41877296,61.17121913,758.7781065,5.677562471,36.84919822,25.91792477,45.65209515,28.8904342,0.69594091,Healthy
38.42145066,26.13520998,17.44241482,47.48949247,897.4038552,6.848498355,20.24625017,37.20903677,35.47963045,37.55189632,0.242059454,Healthy
37.77308042,29.86437626,19.85437741,45.92787099,894.0175746,6.613751517,39.46495444,10.78258775,36.18860143,22.95581164,1.289388845,Healthy
19.79570154,28.78277696,21.12340667,52.3656303,650.3536953,7.211726843,17.67886773,19.34992958,18.63513476,31.7967112,1.463013171,High Stress
37.82916238,27.74323749,24.69994676,64.56829998,266.7842757,5.572073775,14.48818522,20.19415867,36.84263352,46.81599524,0.601048639,High Stress
36.10212163,28.9486793,15.62807747,41.39586889,470.9409869,5.685078091,40.70169366,38.60363427,22.73318035,40.27076247,0.160333955,Healthy
24.12580328,26.54146191,20.37855587,59.1377139,341.2826605,6.6003629,46.39074531,21.54681674,11.89786607,44.93003868,0.433063603,Moderate Stress
11.79386027,24.15732805,24.50051326,59.3507958,987.1878873,7.493485975,12.57471791,49.50953582,10.78084379,37.05805275,1.432930602,High Stress
33.17413091,23.07490239,17.00806285,53.31168383,852.8294318,5.585984243,34.34650429,11.86034642,33.22827543,27.20453514,0.476979795,Healthy
36.04145427,23.62381869,17.28862286,49.9834626,365.2294106,7.32862629,36.91786268,38.94125492,35.16741387,25.04061827,1.27075492,Healthy
31.77529747,24.4871801,16.71686925,54.19791252,315.5842328,6.482370435,18.14826875,41.4687372,44.72730936,32.65758578,1.112211454,Moderate Stress
21.2139833,24.58030844,23.73669518,65.49730753,570.56283,7.405899073,44.39390279,45.11673788,13.97029384,37.12189422,1.152324129,Moderate Stress
32.14701935,19.69479332,17.43429376,53.21953021,774.5342339,6.563869208,13.411412,31.01295751,18.29732984,42.38983683,0.672198317,High Stress
32.30192784,19.07129404,15.01912368,51.17500787,717.6360044,6.653380888,43.13393273,16.27275212,31.37216714,47.01308947,1.186460451,Healthy
14.18912942,29.20600333,21.97183114,44.11424827,365.5010127,7.307281973,42.84599252,19.36492711,26.48353884,33.0051563,0.92312119,High Stress
14.02523468,18.40829309,18.07362506,66.36099605,869.4547308,6.0423963,37.86579326,44.72667116,39.15379728,22.33729107,1.731897535,High Stress
18.81044865,28.04543068,19.84960447,41.99690144,426.5251958,5.750198978,14.50493823,35.536037,45.86934304,37.26292431,1.483635006,High Stress
29.47747621,21.00142241,15.83174839,41.16666292,960.9202039,6.783317266,43.96823588,21.72338969,38.08576544,36.90881931,0.674678413,Moderate Stress
39.50894897,29.88213006,17.0006054,53.47142762,988.5485454,6.808722554,42.75824956,15.08679781,33.80283167,41.57723774,1.852191791,Healthy
39.3070751,24.36452951,19.70727103,64.98032543,703.6790355,5.585905272,30.91094639,48.59705372,16.25105618,44.22176421,0.830773493,Healthy
31.03425572,24.26019853,17.58945628,69.10652886,761.8890352,6.396131686,20.45071282,11.4489686,20.33975062,29.39907801,1.01478945,Healthy
13.87051151,28.73352477,19.01940971,57.30907134,377.8579293,5.885024925,48.84662567,13.64612425,45.49257483,32.18285952,0.705518544,High Stress
39.70746645,19.79592701,18.58943584,49.36731391,494.0752037,6.903961315,15.18602887,36.27922428,32.22212596,25.35476227,1.388888627,Moderate Stress
26.9642964,18.40583713,23.38157792,48.9779709,647.9498892,6.846085865,46.89382011,43.91107493,17.24316439,29.73268704,1.565592008,Moderate Stress
11.0525496,22.95491286,23.11573885,56.57792635,432.1431645,6.86454291,31.59475323,35.85661987,43.96110838,28.70182787,0.067196165,High Stress
17.97089807,22.62435908,20.98674204,52.85110003,733.1012758,6.819807841,15.95030901,31.23124525,30.88103147,22.92295978,0.852991732,High Stress
25.69536877,26.60693183,23.93923977,65.34140331,873.3369659,6.005396193,17.90740065,38.0928678,22.83942422,22.9422607,1.752222924,Moderate Stress
12.8508484,20.16232298,24.17340983,63.81060087,668.9094384,5.991304018,14.51787935,28.82897019,15.44973157,22.97283509,0.065044917,High Stress
12.74920876,19.88751847,15.50453451,54.50467779,681.7079331,6.823540703,17.16792876,14.77767108,29.27024366,43.90397375,1.115195304,High Stress
35.05507526,20.31553916,19.5903675,43.93260456,590.2970838,5.793264722,13.43957234,19.87411895,23.41536374,35.46659681,1.661228663,High Stress
32.84930588,27.27661671,22.650967,53.30884828,946.2933465,6.768682227,36.45805759,47.2863668,22.18495035,25.74690072,0.02209751,Healthy
23.53607509,28.48947292,18.94778448,50.83760153,964.9255372,7.101486822,20.52797449,29.69752016,49.95875201,32.09446562,0.511812403,Moderate Stress
20.95400477,25.34454976,18.92863149,66.86063388,459.1361733,5.820823442,36.17741013,38.59709641,20.26488226,45.2409456,0.353430181,Moderate Stress
33.13794647,27.76741215,23.63331102,64.27561697,294.9769913,6.397670794,38.80859401,28.23236339,10.32963906,30.50388918,1.633189361,Healthy
17.81713741,25.39814374,22.50528057,67.93844261,879.4689808,7.355299737,47.1924443,19.05063736,46.79196723,20.79638641,1.299919225,High Stress
13.56205788,19.41565561,16.2720052,53.24297343,488.0448193,5.758924857,43.0998345,24.70411133,48.43746285,32.79938983,0.260292347,High Stress
34.07288912,28.05751851,24.81404944,61.93497486,474.188003,6.259196226,16.79720778,40.8642536,25.41202617,24.26050341,1.672488203,Moderate Stress
23.68048585,26.64648228,22.33565779,52.88448102,521.4370277,6.792478995,17.65462797,48.49160039,41.15638858,29.90490476,0.450989806,Moderate Stress
15.74067682,22.79389326,21.0373426,65.10121386,210.9421102,6.24363836,30.38376684,26.19458074,29.83495008,24.82895555,1.919556675,High Stress
20.49248994,19.708975,24.85039547,47.66447589,853.5554537,6.889789793,22.11246684,39.58781638,12.20682721,20.14428318,0.472967346,Moderate Stress
17.91158333,18.35178968,24.97378594,51.99942582,676.3873964,7.449342027,35.12208767,39.98858244,38.66660461,22.5670483,1.959584569,High Stress
14.20253261,21.58461405,21.58235089,46.24371026,743.52451,6.388069639,40.50498374,24.18075161,17.3229192,28.41885622,0.844844544,High Stress
38.1866024,22.07823087,19.06255239,56.27159491,827.6220476,6.04817244,49.44013459,25.5505651,35.92316323,42.47436316,0.139357081,Healthy
33.85087444,19.84505404,22.90569645,67.89495156,892.1607324,6.626364604,44.4437923,17.80929687,43.91281699,40.65740983,1.130645423,Healthy
20.00672295,19.39299987,22.75216449,54.18289256,634.4393177,7.405219964,23.81251686,48.78629945,17.17067484,38.53565623,0.709481502,Moderate Stress
18.21612713,29.57812285,23.86160293,60.99495597,233.7269156,5.627476196,15.68620538,15.27771121,33.41074849,33.86172413,0.14348471,High Stress
10.94941265,29.53947515,17.7874686,54.75283658,389.9388012,5.921320406,11.24606009,46.19476378,38.69378954,20.98689823,0.025491179,High Stress
17.13790186,19.28243888,15.69223416,55.83502921,811.4586999,5.79761115,40.59717972,11.26334099,19.95959266,25.98809426,1.332976138,High Stress
39.86435131,19.52124918,17.7365738,49.31606513,957.7065168,7.085615535,11.27927104,20.74597295,26.12472556,47.67674463,0.661741499,High Stress
13.4246434,22.26252293,15.13629694,52.82061131,894.6955268,6.198559103,21.8026453,39.74401943,33.25985306,35.7068077,1.661437983,High Stress
24.65515779,18.67415428,20.37493833,40.74083011,765.630822,6.408843084,36.91592561,41.32177902,12.49379618,40.78984249,0.64284899,Moderate Stress
18.21079095,18.0923634,16.33814875,43.80787577,755.9702918,6.734148174,38.90029018,30.14317556,14.052642,44.46142256,0.273454217,High Stress
16.86816521,20.88589258,23.84012935,52.07760867,591.6152342,6.189258971,34.19855678,25.62927604,17.31576765,49.9589089,0.979385813,High Stress
34.9829565,25.88699342,16.99473677,59.8022595,398.8127178,5.566832115,41.3783352,29.20861031,33.65222523,26.30633913,1.771746519,Healthy
36.99742083,26.08227116,23.42221777,64.66309891,667.1275972,6.071495839,16.41448816,49.3311384,43.05490998,36.28290645,0.726195936,Moderate Stress
37.42513859,25.02909446,19.38798562,52.08190215,375.5382318,6.597433,36.97935883,17.85176569,40.54712818,36.51248524,0.836235446,Healthy
10.03057829,21.39453024,15.0346496,56.62134562,259.8307678,6.953762363,20.78781915,40.52301917,40.45388911,32.38993932,1.41046595,High Stress
11.25387704,25.90846133,20.07451097,44.3315724,508.5615623,7.117488158,14.64999154,42.20148352,47.40343219,26.04014516,0.708491557,High Stress
17.37245341,23.90093105,18.95783742,56.75332719,362.4476955,6.666437761,27.66308743,25.2572593,41.70770307,44.96148409,1.643595559,High Stress
30.45717955,25.14952016,24.52828272,55.25201153,795.0790772,7.082028497,49.09330591,41.01261905,36.4791305,37.51336207,1.437039151,Healthy
25.56142941,21.643917,18.40500096,44.63954593,876.6598452,7.3563877,12.26331306,22.7868394,21.05980981,20.03842242,1.436937146,High Stress
18.76855803,20.80893225,22.05757383,46.01336903,433.4209981,7.07630844,13.28986817,17.74837855,38.25696261,28.10871047,0.770555236,High Stress
22.72112423,27.63630712,21.05211427,53.72692232,918.8017899,5.804950522,12.63135036,14.6537264,10.08842952,49.64866975,1.972997905,High Stress
20.65518918,29.05981402,20.9423176,67.46120222,285.8270304,7.448474038,27.62548481,46.17182755,23.06389367,21.15540559,0.452693682,Moderate Stress
13.58092858,22.80431889,18.74916909,69.45533323,736.7435908,7.06087397,21.21100993,28.10814909,28.60875005,44.35591297,1.820842101,High Stress
10.91678708,18.92951865,22.98031634,66.48929835,485.9634641,7.237302866,30.46576353,35.61632364,18.95960689,37.88075193,1.220662817,High Stress
14.31237633,20.29128899,19.5744479,53.83946697,596.000007,6.906893559,41.619163,44.08346764,27.22435095,22.85489573,0.433668268,High Stress
21.24586884,27.58880409,23.63104668,49.73282248,593.9942426,5.799309394,30.88154099,29.71081363,20.29832742,31.33541466,1.092499299,Moderate Stress
14.17456544,28.61166292,17.15662397,53.42564188,678.4832774,6.820588344,19.05752063,19.00872667,30.22343559,41.14689382,1.341090952,High Stress
22.75777621,26.95605962,17.66458586,55.98084301,977.9530744,7.255296441,42.84805129,36.05104908,11.79711069,30.23406532,1.057562722,Moderate Stress
20.64754695,21.98736159,24.09796566,44.67073823,989.4987903,6.863531403,29.85564793,40.32108792,49.60287803,48.67607055,0.885831747,Moderate Stress
39.34483741,23.9764116,21.29793383,62.10819471,398.0522048,5.74072155,44.72713974,33.48317397,26.56987335,41.34863445,1.935831216,Healthy
28.5698263,27.4669797,17.56241462,62.42379042,844.9133681,6.114541571,19.54538814,28.12821739,45.96037104,29.6174292,1.484164274,Moderate Stress
19.8162296,18.94693777,21.14179602,41.4833972,576.1804282,5.683412229,27.34781068,31.21982691,10.66184531,26.82746384,0.838674016,High Stress
31.97436419,22.36241696,20.61374572,64.38755198,569.1928712,6.698407516,40.55341787,17.98225985,26.59500905,39.01367859,0.685687844,Healthy
29.20622236,29.38099031,15.84850021,40.07180658,983.5605649,6.699250754,48.51055246,29.09500239,47.64818189,47.94282287,1.913871188,Moderate Stress
17.10164029,23.4744789,18.32364939,49.2449327,535.6350592,6.621188445,41.35744349,42.64769583,42.21029046,34.75018497,1.099049777,High Stress
26.95788131,22.96551624,16.78691969,56.50101605,574.3609383,7.235082849,46.65897483,16.83805973,46.58322661,28.62923243,0.794912179,Moderate Stress
36.91157457,22.47649591,17.82604331,57.99850889,840.6068797,5.911012467,19.33765694,45.87891332,24.88003417,45.16568923,0.964579008,Moderate Stress
15.85483636,18.38726204,20.83800784,59.14488698,941.0749968,7.323641356,21.22658927,17.14814893,49.73597512,27.06996605,0.859180421,High Stress
37.64865244,22.72813238,16.48397561,57.90572658,495.8506657,6.977747398,13.15434694,25.96517469,35.7589731,31.85129166,0.788876729,High Stress
16.86259039,23.14461484,20.65673405,40.44367095,486.69496,6.039976067,21.28226959,46.75517478,16.51542342,32.44983898,0.441117489,High Stress
23.05745636,26.14977535,15.37657888,57.73483621,687.1233836,5.786802287,28.03737487,29.12971839,15.96798149,29.89091601,1.481959955,Moderate Stress
23.99232384,22.20111002,20.29431256,42.21911424,447.6916101,5.572589952,11.48054049,29.91082956,37.57021434,45.87290961,1.960752374,High Stress
28.20153292,20.74011617,21.01428153,45.90712579,365.6291964,6.230369614,23.20517824,13.19618075,39.21694731,38.91642703,1.469764926,Moderate Stress
12.16419283,26.47202802,19.85906907,68.09236844,945.9380586,6.283451773,28.34396775,17.15315004,25.61496239,39.61591603,0.821612352,High Stress
16.78071925,26.20396885,24.58431891,54.86772978,576.5425288,6.155500672,36.51854533,41.22067655,39.42865171,27.70418871,0.189338401,High Stress
24.92793627,24.21864784,24.69245686,62.39459933,735.8913718,5.927286422,11.71292587,39.45680744,11.85769016,45.44934976,0.759848278,High Stress
19.89512934,23.77485328,17.59455288,67.78802626,993.910657,6.770662605,46.32571145,30.65558348,18.57918823,24.25310974,0.480099122,High Stress
26.0768239,23.03862333,23.94370074,61.1252555,237.0458102,6.688787388,15.55202585,18.30528656,31.17833475,23.35997986,1.763970985,Moderate Stress
39.08853029,20.66718013,16.71356452,40.47599107,874.0339452,5.780903329,40.34316823,39.08060376,40.20940314,42.22524357,0.657248081,Healthy
29.79515845,26.25076103,15.18515706,44.3454782,230.0912863,7.307340987,27.40601963,35.50401288,25.06466149,29.00249495,0.845482981,Moderate Stress
18.89836833,25.20618428,17.7178878,63.88637241,938.9162225,6.651122045,11.66666684,14.30711587,47.68406341,45.36672919,0.728012634,High Stress
36.02685004,23.20080737,20.14067055,60.47489543,324.9576831,5.96155095,12.39999696,27.05517787,17.43533202,39.97252809,1.922327546,High Stress
22.73760374,21.82651875,21.44574799,57.32459131,693.0067097,6.283041016,24.34219098,17.00268557,34.64915201,32.48815935,0.486529775,Moderate Stress
36.53067067,27.95216153,17.45555011,68.84987106,339.9200413,6.891548829,42.9477855,45.96142817,49.6882001,31.81253347,0.264183072,Healthy
13.61608462,26.74716693,20.89750651,55.34932723,878.6884264,6.948013947,26.23583223,28.38687474,39.11414847,45.46763438,0.068017605,High Stress
33.73089,25.45253374,15.51863277,46.21463154,500.0444246,6.171170057,19.50208717,47.10447532,27.13798628,26.55806907,0.366985002,Moderate Stress
30.14787881,26.07636374,22.83641967,66.6135615,581.9335454,7.298619071,24.05372537,17.53692458,46.2142528,24.9851947,0.397677343,Healthy
34.54065637,24.83711439,20.95998524,62.74501867,579.4040542,5.965372444,10.51398578,44.65467173,14.93573398,33.63684634,1.20213742,High Stress
16.70935188,23.5780977,22.79711153,57.86163465,812.0612532,7.488672056,45.80299082,32.83029005,40.51980021,29.89799662,0.700174382,High Stress
17.96166616,28.67084093,21.26376307,45.01093445,542.8527518,5.840514604,14.96778301,29.88576426,23.22776733,47.20443149,0.696530989,High Stress
30.75744562,26.37063827,21.57905063,68.85349313,683.5468381,5.543717288,46.13941491,28.27629663,19.36065039,30.59533916,1.531311078,Healthy
24.71662682,24.3982432,18.35777666,47.70523145,644.008765,6.74081725,20.86191472,30.14767332,16.7757132,26.98021832,0.416256761,Moderate Stress
14.76716991,27.98078146,17.3328673,67.36738763,776.0240494,6.16810628,20.7206032,12.6671078,36.60345237,20.73774313,0.969322238,High Stress
33.06598448,18.4447387,23.24447757,45.52421448,728.155205,6.339351603,45.85045772,28.62354024,49.79096445,49.37392649,1.620558272,Healthy
35.94187261,23.98556097,16.02834294,65.36774907,230.6717072,6.01675959,47.65396634,34.44268555,32.28772825,27.47283671,1.846447661,Healthy
36.46511955,19.48948151,15.78526472,52.51980487,863.8100782,7.10241614,18.94106819,26.76419072,47.66133189,44.269974,1.773254383,Moderate Stress
16.93194761,25.53393596,20.23313395,65.02875132,844.9788851,6.552665885,28.35512541,31.77118476,16.20393127,33.57659086,0.02897846,High Stress
38.40752886,26.4168325,24.66399305,45.77557719,652.6192436,5.678489826,46.7858303,28.55604078,14.53639735,23.24988798,1.58829182,Healthy
19.76739304,22.42084889,22.13505897,48.85011899,796.7215291,6.999871884,21.48517081,29.10329274,20.15700003,28.48041258,1.210797883,High Stress
11.32359597,20.3772618,17.34737643,46.32721356,460.7724025,7.435398703,12.10638127,26.60131628,34.22890927,49.00679336,0.42385408,High Stress
28.97680395,19.41494143,16.25982407,43.52843574,341.2345804,6.106384508,30.65586187,14.98271503,23.76195474,34.5362771,1.902579083,Moderate Stress
17.33883895,23.23597124,24.60883477,63.35021509,570.0166208,6.411112382,31.96652381,36.63515245,29.43464888,41.42502195,0.532208535,High Stress
16.4788726,18.27052555,15.87544842,55.20472676,924.5341289,5.625984188,38.22797653,37.78613623,28.39773526,21.05635571,1.921773834,High Stress
24.08841713,18.30848973,24.99292141,66.15276948,524.2184094,6.642880559,30.34388817,49.60945656,26.75923761,28.2016611,0.459544615,Moderate Stress
34.99710056,22.23075626,21.82406459,68.14337467,886.2292617,6.154616645,30.12485496,41.30646241,21.7744267,23.37215589,0.009786696,Healthy
17.97911596,20.58821918,21.97760189,66.80687716,545.5377913,5.606345989,22.59289026,45.74065377,23.1027886,40.80315436,0.689906926,High Stress
31.45225415,23.71159942,21.31440735,54.88463422,503.5940109,6.476574907,13.9069453,30.90490146,15.11384626,39.88723783,1.877406521,High Stress
39.31233522,18.33082214,19.89129066,49.45756106,296.3825146,6.926118377,21.29702,39.79819032,26.80981384,49.47241531,1.749966622,Healthy
22.18106438,29.50617035,15.52306323,47.26491898,602.1173687,6.840225745,30.30964252,49.51193459,44.3733948,34.44356697,1.762857416,Moderate Stress
38.27174734,18.11477481,15.65593345,51.88117241,698.4328373,6.940467671,33.60624136,22.76852041,15.76915129,44.92535959,0.734969046,Healthy
15.53298185,27.91620784,20.25681564,40.84102032,816.7507366,6.57239263,49.18497952,29.5565026,35.99935952,39.58963392,1.326806533,High Stress
26.98677768,27.45088333,19.7584698,65.01233472,798.2952732,6.063779934,17.7925009,25.69140401,33.5364196,24.50817203,1.784631843,Moderate Stress
30.09829546,23.66725463,20.56622657,65.51249101,653.2453166,6.916634122,25.86714594,39.90060828,45.94924004,48.8279957,0.632230682,Healthy
24.77345336,22.67880602,17.77433083,54.20429004,402.2947186,5.870492547,49.18488783,25.547715,16.64370307,36.85734478,0.443440113,Moderate Stress
29.52705599,20.03777726,19.317094,57.15604398,373.4269074,5.566879571,28.46712748,21.83588991,14.1578072,20.97367819,0.594795322,Moderate Stress
39.94792823,22.27367649,15.67519892,69.47528043,922.0572043,6.298051884,49.03184608,45.94120594,25.46968044,49.67653532,0.395107323,Healthy
37.79383923,20.34514882,15.40297952,43.66259774,547.7046174,7.17650406,28.40686255,23.74792834,35.67706217,35.29072568,1.634203444,Healthy
38.58671663,20.84282888,19.55310909,52.72161719,745.6138417,7.024398978,13.89714801,13.11137981,35.60548989,40.80493135,0.999992545,High Stress
39.13113108,22.98258186,18.35970607,58.48126004,767.5001953,7.391380307,34.32679407,30.23893888,46.06898476,23.05998745,0.785835201,Healthy
29.14523149,25.35846898,19.19661707,63.35047847,518.6033281,7.266466454,27.08465196,48.96141558,30.45633169,24.38284678,1.270036128,Moderate Stress
15.3759587,27.07374284,20.34848102,43.87739156,945.4873036,5.868207511,24.22178041,21.95977654,19.28992577,37.14267442,1.847386548,High Stress
32.21380938,23.84694001,24.190604,61.88498556,606.6647857,6.202079341,34.05827978,49.900431,19.71095,25.56514599,1.805797161,Healthy
24.20973474,29.94930324,24.50617377,53.1145638,662.9351701,5.597928203,30.39409278,35.79994796,20.57364524,41.57582802,0.820732735,Moderate Stress
27.17723376,28.75068276,21.8216367,51.05438902,333.6103172,6.051381137,21.05704862,36.29051716,40.15033508,39.91878374,0.073755184,Moderate Stress
38.52574911,19.46064918,18.40736006,50.28441238,318.9223907,7.301164515,21.10543487,48.31860981,15.37362532,37.03303883,0.499960035,Healthy
10.01672589,21.27479752,15.28376285,57.01749128,488.3826646,6.346479147,45.05745166,22.33955004,31.53750897,28.6228643,0.197767802,High Stress
11.46434196,25.14022676,18.43826348,63.42961592,237.7498484,6.596851523,28.34470381,42.66766315,16.6812363,21.89473867,0.799780544,High Stress
16.212503,25.58211276,15.47827558,53.78230655,553.5549555,5.839759382,28.98795463,26.69542332,42.79981089,36.01899885,0.03092091,High Stress
31.18825665,28.25197372,19.67204827,48.82467835,769.1010802,7.225447025,28.63048436,29.28470878,48.7157695,44.41727832,0.637356031,Healthy
25.81478932,22.05896118,23.76266718,59.0127147,781.6965296,5.732911971,16.02807454,25.41215135,34.80443068,20.89087055,0.361357394,Moderate Stress
39.551755,29.76378698,16.08812359,57.35003225,881.6861218,6.397630432,11.29293468,14.74768457,26.40775626,38.43799677,1.838252279,High Stress
21.28266223,20.57176882,16.60150954,42.41548428,337.9763968,7.181103156,38.38028438,29.74360922,33.26520305,27.16312645,0.150726999,Moderate Stress
16.90124262,27.56110239,20.85282219,43.47203949,370.4225902,5.55048994,36.76009713,37.75172215,43.48387778,27.3376248,1.653002652,High Stress
32.75808462,24.25827516,24.2697226,52.4337905,249.9827305,7.083005612,25.18585432,45.93916002,13.51728984,24.76236638,1.106902964,Healthy
35.10690965,22.37348719,24.42532927,48.21361564,888.0042031,6.625291794,13.80693632,15.79104967,14.65142017,29.08128185,0.30499774,High Stress
17.9195567,25.50106875,21.12540483,56.36504567,501.2260784,6.515695731,17.32619934,45.04881509,21.40619873,33.60092181,0.819089053,High Stress
27.02650029,29.07529065,21.71204976,41.73383424,955.8054189,6.740909808,44.79550396,44.08886174,14.93357762,22.97285165,0.844899559,Moderate Stress
18.78571862,25.17298103,21.73679814,52.50136696,468.5120439,5.629500392,17.61918111,35.83149914,41.13449729,38.15768903,1.047102211,High Stress
32.88967276,25.45812282,23.18987622,66.60904056,608.0853267,5.74849712,26.74142359,47.64710795,26.50907571,25.36202527,1.644718743,Healthy
36.72952804,25.95570551,24.16917574,45.4105723,245.734893,5.72887037,41.9271236,25.2620101,47.0605953,42.88530392,0.696685071,Healthy
29.42398446,25.61220756,19.0955436,59.49324363,575.8375866,5.799617379,45.74825638,31.21114601,28.08630958,20.62852735,0.169482791,Moderate Stress
28.61993414,26.52826065,21.64966493,45.48742417,434.7707962,5.871948146,30.53319923,10.86914931,30.56815488,21.28968855,0.497711815,Moderate Stress
29.71809032,24.15433609,20.25773184,58.37492164,836.5904545,6.533954011,25.21432448,36.39755084,47.31722845,26.17509537,0.702880444,Moderate Stress
24.0798914,27.67735703,24.90487837,55.1038561,540.7571924,7.443423034,24.70214993,15.50048477,49.63195077,23.36180439,0.28747428,Moderate Stress
30.57499642,20.87446844,17.86420189,54.31532331,346.9218101,7.292807255,16.04029491,38.77276135,26.37734081,45.29180447,0.777617559,Moderate Stress
18.5092878,26.79060841,18.27759912,40.35089449,783.5530924,5.699377596,29.3514488,48.71144191,28.65527336,33.84032654,0.221253723,High Stress
12.09782658,18.52830982,23.37733962,45.78336453,802.3936858,6.159937782,47.2010558,47.01300078,33.09878515,37.34908801,1.142503977,High Stress
20.03606876,24.53009114,18.49653042,50.22756805,798.0090305,6.299008577,11.01036841,13.77671138,14.62015709,46.98765974,1.282106214,High Stress
13.97186285,19.03232884,19.89326994,57.29240295,391.104159,6.950520137,47.36216634,49.04416789,40.9052926,28.81756273,0.372816229,High Stress
39.47058459,22.29327103,21.3995701,44.705549,753.4079753,6.846866645,32.08281501,22.94012639,18.03724917,38.4191839,0.43368431,Healthy
16.91368343,24.68705769,22.19006441,44.65290621,976.6800008,7.254161217,41.48652137,47.94092814,46.06887019,25.74603792,0.033672978,High Stress
27.34127914,25.08020788,18.08396769,47.28563398,267.9673287,5.573431115,16.92896809,23.25267386,45.79292266,38.98760425,0.90444268,Moderate Stress
13.91919452,26.48460861,17.52420773,48.85049809,488.3437037,5.839170091,37.26887878,41.23323553,41.49277193,29.76994201,1.139629591,High Stress
17.11386672,23.6013374,22.9193438,55.97048183,750.7174438,7.483490575,18.41051996,11.23930774,48.75143172,32.77005912,1.856760961,High Stress
24.23411149,22.10201411,20.50235942,43.32913473,338.8754618,6.2415547,21.8362896,35.66248987,30.97203985,28.21122359,0.518325277,Moderate Stress
31.85184155,18.36101492,24.71972199,63.99039391,595.3307622,6.293212507,25.72503947,21.27568553,34.71222714,40.67549874,0.921952839,Healthy
31.27492584,22.28003625,16.61825942,41.12993684,618.0722706,6.358731466,30.52075246,39.67477899,42.77030365,21.19338806,1.058551215,Healthy
13.62995667,20.53785058,23.61190919,57.73461697,303.2539063,7.396287925,19.51142405,45.30481415,36.93252975,27.77771258,1.941859004,High Stress
24.46174779,22.40577896,22.23984912,61.90939373,720.5279794,6.101769228,13.07176216,20.78728042,47.08969995,43.5975548,1.843888398,High Stress
27.39112299,22.16144961,21.33303214,41.60620327,742.56813,6.344792782,44.06985473,46.59499307,41.63647606,30.41530865,1.18893697,Moderate Stress
25.2117169,19.19196323,16.74077582,47.58439371,666.3126527,6.472516697,13.92083237,45.21846307,13.84665271,38.56196141,1.972416733,High Stress
22.83463142,25.38325185,16.87659176,67.56147988,932.341535,7.248271015,39.7897626,10.60431041,13.29895098,45.07590507,0.080118591,Moderate Stress
22.668586,20.07323183,20.77638046,48.46340078,725.3596445,5.527641791,16.23131994,26.06305929,20.30334373,27.09826376,0.721214271,Moderate Stress
30.84320217,24.71388674,19.95157935,69.93902375,759.3191566,6.277457005,13.5841969,35.93852106,38.22508354,49.72327194,1.140844232,High Stress
35.75826082,22.65393818,15.26413263,56.73596973,444.0043323,7.421251532,35.69303797,27.84521715,39.28213372,39.61988201,1.872861642,Healthy
18.18186642,20.64654295,18.43275366,43.39771824,696.0606338,7.172219105,16.30867153,43.97132408,49.2059975,28.39434253,0.269765344,High Stress
28.70380267,28.93260473,23.09366213,65.86634043,477.7863792,6.407798006,30.68555794,41.32985874,20.98674759,28.92653842,0.455220596,Moderate Stress
38.79989686,28.01792578,19.62175581,62.40616841,238.9237985,7.08804853,17.50659805,36.11756926,30.32916807,35.53017879,1.398888277,Moderate Stress
38.99850463,28.89769559,19.45417859,56.73760655,871.1498759,7.379851943,19.53098556,34.01007604,15.09309702,43.83303294,1.14889917,Moderate Stress
13.00737765,18.93997244,19.27889525,65.76096722,819.8392203,6.163731349,40.32069754,33.89644034,16.34888441,37.13334985,0.422304925,High Stress
10.61096757,23.92319171,20.99716442,41.06408038,835.0589965,6.22783419,39.95083545,24.18519239,40.33506122,20.35974313,0.772425135,High Stress
10.51601812,24.94609126,20.92901997,68.29911186,527.0386918,6.511765895,31.65697283,18.38663446,28.22441406,33.65815549,1.659232002,High Stress
11.69201893,18.33638737,18.25017084,49.47760827,615.6460117,6.51252343,17.53139226,32.78111566,11.1089054,49.50926471,0.682395019,High Stress
24.58498085,23.46551828,22.17418616,63.68022339,396.4159635,5.568781994,32.46232032,22.48312739,34.85870931,45.53689283,1.492734527,Moderate Stress
32.78002076,21.12146591,16.74332764,67.25650258,956.7783113,7.27626764,47.19996726,31.78062883,36.09098504,36.73611744,0.167860288,Healthy
15.56713879,21.23545618,16.06572095,68.62118508,863.4318301,7.088176768,11.45826606,14.98550409,34.77457623,20.93506283,1.227215878,High Stress
24.17843583,27.78505074,21.24058583,59.52839265,264.7497923,6.730602199,35.79945556,14.35610379,46.79714189,26.6372387,0.917197296,Moderate Stress
22.44137957,19.28653325,24.03133835,50.31351884,922.8439599,6.996457915,24.27485124,26.50430557,14.43852175,34.43025088,1.214603398,Moderate Stress
38.16908592,23.26539707,23.48036481,51.94486199,822.5171435,7.388778735,46.74918196,14.8607262,17.53691734,20.40763943,1.4779824,Healthy
13.9976001,27.80846627,23.80413843,56.70490066,535.3731301,5.696533705,27.02946588,10.88091069,19.52946339,25.56984808,1.528362114,High Stress
31.65597275,25.35991002,23.74144055,64.01595257,633.8707284,6.969296883,47.38460293,23.57357475,45.78095361,46.20559651,1.259667447,Healthy
12.36409505,21.60970514,17.30898057,48.59110915,239.099765,7.177420618,18.00044896,49.92623677,10.24727819,42.49540035,1.531415221,High Stress
37.26978084,20.83422678,19.81264843,45.15950988,771.025712,7.115640716,16.66160399,11.77583325,47.93273273,48.40355843,0.538197532,Moderate Stress
10.20759618,28.80547739,19.06873309,41.96704433,937.777496,7.372856255,40.5186744,25.51241113,25.52105281,38.11018077,1.911009457,High Stress
37.13506225,21.83086568,19.70472966,51.23775006,297.250741,5.79772293,26.62082783,26.00158319,42.60103069,42.40195041,0.829675174,Healthy
32.67454484,25.72367821,15.05692103,61.73127413,305.8688053,6.783449213,10.65012586,24.51627258,38.07256063,31.58378283,1.978009484,High Stress
39.04622778,23.16008467,17.17777029,49.14926975,522.2236898,5.955008924,17.72966638,27.31079461,41.69980422,23.26327298,1.64566149,Moderate Stress
30.1732177,29.04330565,18.06954095,43.88063076,397.087348,6.286797546,17.06393431,24.83152752,17.38179913,34.5446536,1.500440573,Moderate Stress
13.04790139,22.91754659,17.24205914,63.29908789,343.7745168,7.433171624,47.77832496,27.65729513,38.05063492,46.57926082,1.174313439,High Stress
28.60835728,28.33816192,23.49767342,69.52453122,235.3231091,5.967574171,43.9993367,35.44646623,48.5634008,41.48939216,0.643266662,Moderate Stress
29.94248723,18.66449745,15.23363311,61.0646003,346.5603834,7.029522518,43.30114751,26.04965269,13.22542006,32.11509503,1.210765717,Moderate Stress
37.44823043,25.02487254,20.06221457,50.68720835,259.8841761,5.526232599,18.58218542,33.38597794,46.39607249,23.21571177,1.065838431,Moderate Stress
19.5964792,21.29583644,22.01032614,43.34433832,357.098503,6.006441224,37.98499144,21.10237524,11.07004912,24.13693162,0.559955229,High Stress
12.24050851,22.62175065,22.26135044,42.99731402,864.6941648,7.055511029,30.39714261,17.24399694,18.45252745,38.89612476,1.403221401,High Stress
23.21980803,28.75070155,19.80753772,69.08742218,906.3625829,6.338344318,15.06334842,40.96566993,37.6906924,40.15713091,1.032040809,Moderate Stress
11.25699661,27.29004534,21.45804591,41.7272576,741.7343709,6.514510563,36.84070061,12.08825894,16.35316315,45.66059571,1.720559643,High Stress
31.17403782,28.39073248,16.03437735,55.82171305,668.9022776,7.042569234,49.64240642,47.88785859,32.60688247,47.29861146,1.873444697,Healthy
29.59995719,24.01837988,15.80315386,46.22354401,861.5173747,6.490633666,26.60003875,29.14882305,29.43686469,32.14801,0.126227321,Moderate Stress
25.45978714,26.81113245,19.22304028,60.37613643,200.6154818,7.168728079,12.28895207,31.97777579,13.37533108,21.06721423,1.325766355,High Stress
39.30020294,26.60200091,22.24363256,46.12094697,292.8845806,7.00390719,42.86401784,16.75739536,48.53259513,33.8651139,0.663825452,Healthy
38.69413002,18.27106211,15.32132422,43.57556509,399.7636183,6.399176964,44.63787174,38.22894094,42.85532522,26.73983032,1.167218578,Healthy
15.04519032,29.91357696,16.27450096,64.35989602,680.4218829,6.689996954,25.59331087,43.55492625,32.58711663,29.81817402,0.864607931,High Stress
31.70548401,21.20357391,18.88780969,41.70744851,449.060982,7.139636557,17.21726997,48.76179295,36.45800371,44.1497653,0.04901628,Moderate Stress
19.31881187,18.00307892,23.40030321,51.46918066,428.7446246,7.028570489,24.99868779,38.41811093,32.75794915,48.36992732,1.019702919,High Stress
28.75869762,28.97623757,20.19914162,68.85801301,272.1754467,6.693071236,12.69884374,13.27205779,26.01242922,27.89425204,0.490341634,High Stress
11.15896334,25.71301042,18.31948061,43.30211208,419.1890311,5.978796797,24.06271565,47.952289,44.84054002,28.97344241,0.380824772,High Stress
15.03041561,20.15256909,16.25117205,63.04990075,436.4923304,5.665990903,17.35441035,27.6605576,34.19220667,47.47287619,0.830215094,High Stress
37.16301369,25.58657617,22.36412611,63.47796252,623.1373816,5.767507389,24.13797613,32.33180983,22.16599434,44.54294274,1.457651084,Healthy
18.97930745,21.14040545,17.55143416,51.37598812,719.0449434,5.764544963,48.00497837,37.1397156,45.41363312,33.95556936,0.976047254,High Stress
14.66887165,20.9644188,15.15936785,52.56781588,706.2789509,6.803755557,16.82681627,44.35523911,28.10859893,25.85416816,0.982982785,High Stress
37.25682813,21.26302167,22.87275351,57.64688402,801.8380457,6.460185068,13.24729822,17.80199062,24.5521786,20.44811612,1.643027355,High Stress
16.34533139,18.57346044,21.19479225,55.75061451,954.3796342,7.184749556,22.37395971,19.69583601,19.78957655,22.98752466,1.43689837,High Stress
11.43745064,20.7183311,21.01296265,57.69741266,570.6882188,5.902298137,16.8331289,14.10944645,29.85555887,38.41024943,1.140388086,High Stress
18.55172011,26.74535252,15.21842329,65.77097937,330.6469243,6.161307678,17.73511218,43.33586057,21.32200103,39.95276223,0.324074573,High Stress
24.76193198,21.70758836,23.20610141,45.27459351,618.1120805,6.972833757,26.6136778,36.55162825,13.72566057,29.14539897,0.282841474,Moderate Stress
36.61052865,23.8772157,24.51314475,62.14651253,306.7410215,6.90974695,26.98816409,24.15995357,13.10192719,32.34417146,1.437989379,Healthy
13.51894596,18.27824731,24.91433617,46.24810236,982.5365718,5.933910378,10.92359664,42.32103059,23.72197952,26.72464294,0.751042348,High Stress
12.37592209,27.82711874,20.75205328,68.49217216,868.1121941,6.333527546,19.68074253,26.98035272,19.0340096,33.75227819,0.690395694,High Stress
28.96538628,25.06937759,24.87488724,53.57218658,747.4387403,5.912595241,29.03333212,17.98156451,28.67051184,39.5763441,0.747072242,Moderate Stress
31.49217408,18.16335907,17.98731202,52.45952415,260.3560968,7.148048153,11.51715834,27.02230819,14.54979317,43.81662432,0.33752514,High Stress
26.8894876,23.21769473,17.50741524,61.32583927,449.9430829,6.185900689,22.13118735,20.73718476,35.57772602,28.26688571,1.644195889,Moderate Stress
36.30730737,18.95608828,23.83891995,47.99157344,379.4307623,6.659424879,42.38410834,31.60566684,39.1006293,29.61257687,1.013901671,Healthy
11.50767169,25.31804984,22.85350188,65.80795107,245.0236115,7.098537679,27.18467621,36.04026026,45.56769972,38.29058918,0.421190946,High Stress
26.48884304,20.61580951,19.31035153,69.47159782,324.2617206,7.155638432,12.90484316,10.37905021,46.03479779,34.8987357,0.42578475,High Stress
34.15127877,28.7838436,21.56747473,41.12015761,247.1402231,5.969869198,34.60972593,34.76445876,24.68060736,27.87022006,1.04917759,Healthy
17.74535114,21.39940396,24.34202105,43.92333118,844.7635629,5.612642705,39.32106161,25.72229884,47.93346555,43.41117341,1.811496225,High Stress
11.61887904,23.64385938,15.13057789,61.9694125,836.4248642,7.455753582,20.09986301,48.17801008,12.78247805,29.61131043,1.059523588,High Stress
38.50532147,22.69886288,18.74175281,44.42979944,285.8829884,6.973696009,18.73464297,45.08165171,17.53745406,24.96957026,1.763449794,Moderate Stress
16.54363964,20.54745575,18.57731833,40.32851683,247.3721984,6.803683635,42.26556913,25.28199024,49.59146687,23.443769,0.264556634,High Stress
26.95925029,24.39490804,19.3732312,40.19416913,794.7665406,5.715792513,26.62271715,33.92481207,19.81200834,35.46952362,1.737922416,Moderate Stress
29.2710842,19.15387282,19.40555671,44.45461147,299.1977873,7.188760395,47.68808703,45.24065553,36.91411133,20.82526122,0.214803307,Moderate Stress
32.69710835,29.83568047,17.30637893,49.21048744,972.450931,6.220207348,23.63741221,35.99249033,45.82327872,44.01987392,1.629646978,Healthy
21.2018107,22.29327208,15.35601381,59.31710338,282.9205982,7.241809347,26.87297789,46.36451687,39.8361295,31.65704248,0.235625943,Moderate Stress
29.89600293,25.74947612,21.3573006,46.01442251,795.4274944,7.081239831,27.85795293,11.41228423,45.99614253,39.45437663,1.170426403,Moderate Stress
30.93314025,20.24575176,16.33918837,55.52898349,717.6333405,7.174880288,26.69574373,49.24348588,17.57608092,22.95900528,0.247009103,Healthy
26.6207619,23.38554388,23.17848228,65.6263191,992.4557607,7.229536525,13.78665121,18.33984463,46.29706306,46.68848222,0.366970961,High Stress
12.47470685,20.62229204,22.72262582,56.51902311,815.8088188,6.605608504,41.1921762,23.31012703,48.8796998,34.07854892,0.761500145,High Stress
35.27625313,19.17326275,24.10857756,41.66516108,957.0986715,7.141163982,25.09541373,36.21376831,10.84207488,24.27173686,0.049920544,Healthy
26.72487605,25.47383048,16.71937854,64.16451493,456.7781165,5.885977234,34.17454507,37.22528665,38.66095224,37.67073052,0.22151601,Moderate Stress
13.33883254,20.01561911,22.55626735,66.55175263,505.91,6.507449746,36.36907558,25.17692329,32.91188861,33.38558822,0.501113456,High Stress
22.69468161,18.00199267,17.99313979,63.98272046,490.0000537,6.288254648,17.35090892,42.99236631,36.07092213,43.44979941,1.575218606,Moderate Stress
33.12086251,22.6217081,15.06570191,69.07421849,293.0860934,7.353732495,46.79207351,28.45049391,37.94682956,36.77071883,1.033402932,Healthy
10.07634978,19.69769762,20.91171353,53.27028251,794.2500541,6.619615882,31.78164142,22.26598446,36.22569832,38.68826415,1.961607521,High Stress
35.06844179,20.61889257,19.97200684,69.92721858,727.6843777,6.418026981,11.92739179,24.02603831,31.89707331,29.7283371,0.157799429,High Stress
24.12339117,26.8732175,22.8160546,55.32632308,999.8562615,5.664133313,49.15550346,40.80524478,25.63721413,29.28482336,0.622076507,Moderate Stress
37.11222076,20.91562502,18.90661306,42.20773398,207.8120177,6.903838186,32.04791418,48.74370179,38.75347377,28.44227515,0.985969341,Healthy
23.49706971,27.4274952,24.79085897,55.24960782,323.3918599,7.164702219,21.04981042,20.09106073,17.40580053,28.43147446,1.233885084,Moderate Stress
39.78964602,29.13107033,18.40057363,46.08132872,966.0196942,6.342141087,10.1501861,34.45111707,36.93903372,44.27257112,1.351396848,High Stress
25.42748639,22.14381635,15.69581149,60.50572076,623.4913811,7.263263824,43.99014229,37.51406214,27.01686771,34.21596113,0.350512977,Moderate Stress
27.23376966,28.42988244,22.23184244,49.58122311,837.2031203,6.824004411,20.30600613,21.64972164,36.00574302,32.20632226,1.913250304,Moderate Stress
38.80223048,24.03755645,22.68431927,55.81670046,444.8857258,6.800659129,45.97642151,24.31160483,15.73969701,26.07324211,0.166913982,Healthy
13.15114936,29.33324521,23.74971324,54.63134644,678.7692138,6.204418726,25.68456782,49.5427835,15.6837042,45.9969145,0.450691896,High Stress
31.78764883,23.54784201,20.16046446,68.22209329,392.6145844,7.047957319,31.68890835,11.90393766,30.10640716,22.29230842,0.576300029,Healthy
15.23283755,26.57312968,18.27025145,57.01691608,961.7628386,7.17229436,46.74978502,37.94987206,14.14814107,46.33767959,0.025415332,High Stress
34.98752341,25.28756516,23.80762898,54.61830395,487.520305,5.507391613,12.09832131,25.84813578,19.41173161,28.95629786,0.181279701,High Stress
36.33862027,29.14956727,22.29852905,64.11835255,730.1405795,5.57525643,22.11593789,36.58956405,35.18795684,29.19800582,1.946800876,Healthy
26.25460011,28.30827342,24.56152743,40.03833994,441.360589,6.2599924,30.68656066,12.37918266,19.7671347,35.91790467,1.258864611,Moderate Stress
16.5274861,20.4983813,18.78575021,43.55010206,871.6675069,6.774501891,17.84552795,33.84238173,20.94211053,42.05815874,0.410295969,High Stress
15.91932637,29.5955886,21.46093552,61.46369612,955.0840406,7.316833308,15.7922445,25.46518946,47.85382451,40.22797775,1.106126181,High Stress
24.41007734,20.19653648,19.98071206,42.76666382,537.6923707,5.686809127,42.83419847,18.54177059,17.78175068,24.81005557,1.55478693,Moderate Stress
18.17417406,25.49108283,20.79001458,46.72447575,563.4680392,7.113203693,17.12485525,24.39752322,29.53391622,49.35543714,1.321085,High Stress
32.62783317,23.59062104,16.55125804,59.41173076,485.4158853,6.026823298,12.59766444,14.2352855,17.41957856,21.27139724,1.436751261,High Stress
16.23711132,24.84600073,21.80514766,55.81194565,835.3447336,6.200161662,41.99966222,30.93321407,17.21804213,48.00481835,1.664848003,High Stress
19.05848769,28.00562864,24.43429789,43.1743012,446.9927751,6.982487602,36.49336232,45.32437914,22.54781845,24.96370993,0.224013763,High Stress
29.60218792,21.7766005,21.30859942,47.1254422,889.0720911,6.250383349,40.31396099,22.68702812,45.72139335,29.65385688,0.755453595,Moderate Stress
35.98972533,20.32400502,17.23214303,66.33228291,666.913164,5.681183379,29.15524384,31.28282529,24.53313407,28.0718141,1.350580957,Healthy
11.02431608,22.56474263,18.46912088,54.83931877,575.3669321,6.140123876,24.82815539,27.22906901,21.92572664,38.1688193,0.953787098,High Stress
17.74508477,28.42133777,24.62169398,66.93032643,338.3574651,7.154053303,34.47285181,48.00742447,13.30684599,34.04895646,0.146848065,High Stress
31.46738274,18.26750049,18.94478911,51.46843715,331.6165661,5.630463923,22.25218882,32.54780889,39.46398942,47.52927457,1.448000353,Healthy
16.20805242,21.82250627,19.58104842,60.6011766,986.1522285,6.013581533,39.1545908,34.66220326,40.70832075,25.55341874,0.975394004,High Stress
21.06775772,27.03063634,19.23246043,49.45714161,496.4577032,6.4037874,31.008992,48.79259455,16.53501033,33.40031138,0.931650915,Moderate Stress
23.17372129,19.11918142,18.39977421,44.76302113,727.7954335,7.234741653,27.52634311,14.05959082,19.40375149,26.81449268,1.275984103,Moderate Stress
18.99974304,21.52067923,16.16281224,59.70117014,313.0576813,6.476692969,40.7399962,12.07302739,32.00169248,20.61676753,0.722356851,High Stress
12.23192733,25.18390777,21.91227736,55.02664356,609.4309872,6.719160283,32.93916152,47.11683271,18.2683252,49.74064744,1.726196866,High Stress
28.21737921,18.72199623,21.33776318,51.56600286,236.1786428,7.436938355,46.13863798,49.79608724,29.56264451,44.47805698,0.135616206,Moderate Stress
37.54884285,29.57330071,15.34502737,62.43184852,993.3683506,6.824773389,13.62883297,17.45079616,43.94228568,46.7781849,1.5590218,High Stress
29.4521031,27.64529131,20.53888184,62.20169249,662.0777819,7.114879797,35.32325287,14.40592473,46.0026806,28.07308911,0.283472713,Moderate Stress
25.78285525,18.04926672,23.28844791,68.05006467,202.5069944,7.027234754,25.6523415,48.49654712,48.99837135,45.65058814,1.078309155,Moderate Stress
24.53460709,28.89618643,19.61395766,47.30947927,855.3002457,7.446834635,30.88566712,10.76589155,12.96288595,42.56170684,1.422925177,Moderate Stress
17.51776986,27.78415412,18.03189005,41.22780797,600.713565,6.591415028,20.26993808,43.30596808,15.68205199,43.88846284,0.243084778,High Stress
16.95669507,18.2052895,19.53623671,65.9400393,882.9765838,5.891054371,11.9567715,43.01464025,39.89752712,29.46935872,0.897194775,High Stress
13.04487513,26.53639265,20.56554324,55.64270756,682.147346,6.933893499,19.1526363,33.33519526,30.27957567,49.1351794,0.381532069,High Stress
39.24797827,19.73011078,16.02090978,43.70679458,645.7372887,6.138683504,26.7628646,48.35083056,45.87552527,40.8740612,0.44171761,Healthy
10.4675928,28.56776426,18.93851257,49.03117445,787.342784,6.399653831,25.9100754,35.23566278,30.72284587,25.04733228,1.081089115,High Stress
35.14975756,29.60444119,21.49541433,45.00632288,336.8660563,6.619492872,11.341599,27.28785885,13.32786569,25.20910996,0.500928287,High Stress
31.63788905,28.14422208,23.54435916,51.72378011,605.2462933,7.201868033,29.91488825,16.70310539,19.96510995,43.16522243,1.744307098,Healthy
27.18115984,23.65106115,22.79634906,54.12003843,533.9080066,6.390747425,32.27816433,17.19233269,21.85188609,27.34640659,0.987074283,Moderate Stress
38.00447739,26.04280788,23.31170379,52.1063011,901.110416,7.388336497,23.80265538,19.1212912,10.59944261,33.54204071,0.411396611,Healthy
30.92050698,23.44628942,22.77159517,58.17635777,297.0307377,5.99309468,11.9672802,12.92645593,32.09285752,39.3587988,1.05984233,High Stress
30.28638952,28.96469804,19.20234898,45.49935682,924.4615724,5.949970656,23.34402184,18.62059785,27.56863177,36.64594838,1.021897196,Healthy
25.08628874,28.61694852,16.14759379,63.39853872,870.2100273,6.644873015,45.96550669,43.86721768,11.94321678,45.72934104,1.668553051,Moderate Stress
32.27230799,20.13135183,18.32219559,50.28322948,229.3104112,6.954361958,24.55058149,37.50149487,34.71105487,26.6589584,1.935115817,Healthy
10.33785328,20.10007449,22.39528844,48.57549854,442.5751545,6.451126314,36.00542341,20.16904518,14.65744961,47.4728792,1.828647362,High Stress
22.37537468,29.51149664,24.38789075,45.49921803,321.4967718,7.414030047,20.79332887,36.47624184,17.70672804,29.2799018,0.585340459,Moderate Stress
11.11788482,26.83178493,15.51306391,54.42607757,802.7357818,5.964758712,34.27594182,49.7025746,44.9114705,32.91835535,1.870290265,High Stress
17.925202,25.71038026,21.06840248,50.10602031,238.0114912,7.050817601,13.38894943,10.41033837,49.54074093,22.4186469,0.982205917,High Stress
24.92395268,21.25251236,18.51562435,57.12985967,623.4613901,7.475877177,42.1004194,11.02468968,10.85536445,24.12893101,0.242818203,Moderate Stress
36.09211611,19.49101324,17.15946336,50.61453543,560.8283657,6.707853272,39.58425795,14.93457173,16.53221678,41.46558244,0.825654249,Healthy
30.28161698,29.46939521,23.83096744,56.29316836,698.6324632,7.005615933,25.40833348,20.89627197,38.55352289,44.94420441,1.974051193,Healthy
25.00538663,27.38412517,23.15097953,69.73626459,729.9443266,5.550832185,44.73342942,10.1028299,40.27541612,23.00325473,1.191437574,Moderate Stress
22.46005727,26.66885434,21.26934538,67.2848653,442.6813131,6.483351792,25.70802947,25.46432398,11.90416272,46.6218251,0.855993518,Moderate Stress
28.97063356,23.86926523,19.0796613,53.84290054,675.0586101,6.993790867,17.5903442,42.69495134,12.95650943,22.34014571,1.971129839,Moderate Stress
34.9107774,20.31291898,23.58865252,40.6300938,855.8460788,6.334518306,18.12841481,39.40219965,36.09520278,45.58664229,0.462336149,Moderate Stress
10.74716166,28.1873459,17.08482223,44.92267197,325.3801214,7.420965797,10.9901902,24.87731072,30.64896636,31.35016247,1.560416886,High Stress
14.55141965,19.90507595,24.24911061,61.17209209,716.307166,6.952916625,29.11508875,20.44141985,13.67216194,41.98160702,1.952547502,High Stress
32.48896561,23.9930004,24.04829169,61.8663502,712.769937,7.445390149,48.56336063,43.69009671,17.38513799,45.71531372,1.028433622,Healthy
11.3854271,18.73505043,19.15936321,66.03441122,379.1886092,6.214135783,35.4760157,47.72234377,48.89082661,20.13922601,0.043241082,High Stress
30.32899379,24.09311751,19.45206822,55.37905635,897.8231274,6.62693857,14.60735654,48.59728871,27.3461225,43.97713849,0.504820656,High Stress
34.18618869,20.89141303,22.47689334,48.12128219,727.2990718,6.611318775,46.74367595,17.27158906,14.21186918,47.40747177,0.130697759,Healthy
15.2523574,21.17247771,17.6330463,68.10246443,279.0256749,5.838268376,39.46377917,32.26686985,42.68445888,48.96490897,1.696583784,High Stress
30.9247677,20.84172306,22.7129152,65.00192043,764.787076,7.396907672,20.45472194,14.79395908,14.12363548,29.35816281,1.963332473,Healthy
31.71478979,28.8188716,22.90956402,61.28621983,951.3019878,5.951276913,22.48781809,21.79586354,34.30088502,31.33444928,1.066089929,Healthy
22.62207226,25.69195128,20.90533358,63.43507247,537.8065846,7.465388498,42.76053177,15.80884894,32.09365333,49.684538,1.476988626,Moderate Stress
12.14018555,28.09389679,21.69726188,66.74359188,253.6717935,6.450440804,49.10710446,13.4703617,39.26933061,30.41371822,0.579204945,High Stress
25.12277216,22.06281296,24.39490621,58.78053338,652.9386206,5.691885992,23.71587585,19.50622117,27.26296595,29.77724774,0.052395033,Moderate Stress
20.16081848,25.43245717,16.66035202,43.34665199,300.4230161,7.048721855,31.47069836,25.30917963,39.17764371,35.39392119,0.295520089,Moderate Stress
14.86136042,24.52637516,18.16670147,46.45958568,268.3812387,7.167665431,23.12874573,10.48947912,42.29563744,49.64538824,1.13376839,High Stress
27.31028717,29.12193977,15.51814346,52.06111433,465.7806313,5.877195148,13.70755943,15.56302179,25.76578353,42.40187003,0.08028202,High Stress
29.98421593,22.28791565,19.75088642,47.09892509,624.0091054,6.841594037,46.67261784,34.67059425,22.69827278,42.21808259,0.900977462,Moderate Stress
17.35583098,24.84711544,24.24830925,69.79604357,623.864902,5.61029831,20.20823881,26.65854804,32.58277278,42.13628037,0.92236307,High Stress
22.65262373,21.77644087,21.77226677,46.54276709,553.2289412,6.179158582,16.16269847,43.7589648,10.09763672,42.46569778,0.745290357,Moderate Stress
29.39018076,28.07590626,15.62363167,54.92797375,220.8455094,6.673226618,41.35171451,24.43275421,37.28936251,20.6234814,0.610432302,Moderate Stress
24.63631785,22.24561978,24.720395,67.08247505,863.8429172,6.094092137,48.03166211,19.33803889,26.11831137,45.59965315,0.116517994,Moderate Stress
32.17520111,22.89826796,22.86059105,50.95096119,936.2328873,5.869992014,29.85637549,13.09548527,14.62311609,36.04820019,1.007205399,Healthy
13.57935731,23.5862277,17.67968962,47.15319464,621.5324703,6.536488753,37.25104921,43.88571236,22.88171507,40.89031661,0.795854861,High Stress
11.82985238,19.32967208,24.68349242,50.79827289,722.5272973,7.248129021,32.13888198,20.63306123,35.00551053,38.06160515,1.936071077,High Stress
17.44073221,18.00414703,22.9222156,53.55763534,201.507397,7.219353447,45.15537404,42.8407674,26.11206062,20.64198938,1.885605218,High Stress
38.65267788,18.20082162,24.07549698,57.88779038,603.6449586,6.371955256,18.11547394,17.41071031,12.40350861,23.87517132,1.143660594,Moderate Stress
15.19819251,27.28487187,23.10787446,41.43139104,314.0829177,7.197321428,26.63859041,34.22470947,32.38716777,21.30466387,0.6098107,High Stress
15.66830825,28.42078804,23.29533984,59.02349289,542.8353075,5.765356893,10.48487678,37.37925207,48.55664241,30.57823014,0.599690794,High Stress
13.53080687,19.7340944,21.45085855,67.36193998,661.5573678,6.472812795,33.44877931,25.8849881,47.85885748,30.39785162,1.368753842,High Stress
15.36684792,26.36542921,15.79394071,45.37105637,432.3837299,6.992044065,37.4646303,47.25886363,19.22097972,47.44694823,0.311310621,High Stress
12.24059821,23.38095316,17.248279,68.45755015,356.0958878,6.429765723,20.47306325,17.80479543,42.94209628,28.79828699,0.185618662,High Stress
38.03192556,21.02993107,17.39301206,55.9946885,977.2524651,7.447509026,37.0658071,34.95221919,46.78510584,22.43371841,0.522885184,Healthy
22.01587866,29.60668838,21.42104682,63.83220953,392.309867,6.474125942,38.72747773,19.84868482,14.82515429,48.8969809,1.266130107,Moderate Stress
20.11899899,23.86359527,21.86496618,40.50481128,921.2407545,5.831741762,47.21834265,18.19733123,34.95108317,23.84975423,0.533188117,Moderate Stress
15.75964039,26.437463,17.96454127,62.78879212,720.57093,7.13136478,42.61697766,25.60034071,21.58114489,48.5363035,0.235520368,High Stress
33.68019832,26.0853971,23.20837496,41.36055112,263.1958934,5.513870157,33.1462533,36.04742368,38.97890897,37.91987379,1.94295087,Healthy
15.49239844,25.24483465,19.18243455,52.15277215,654.3459318,7.149521392,12.47932487,36.65507214,47.51141559,32.1767972,0.285518803,High Stress
12.95248483,22.70739251,18.96890477,40.64725316,341.0554781,7.316662513,37.65900936,19.06587037,12.58213546,30.42844131,1.025902814,High Stress
33.54589691,22.2200121,17.2058847,56.04461087,731.1039218,6.669113024,14.50652595,22.97386111,44.42702941,41.7870928,1.335933312,High Stress
13.05196193,29.65917909,15.12193895,44.82666823,491.8697736,6.238325625,11.24155282,29.60732266,44.4739161,46.41753052,1.654529689,High Stress
23.1079807,18.84458305,18.37481701,54.25560078,449.4769441,6.959235928,43.70576762,30.07204443,21.68389693,28.44857684,0.544406679,Moderate Stress
12.17807892,18.66740629,20.06957268,64.85881871,630.274904,7.485377839,32.08357248,48.91364998,16.20718294,26.08068093,0.782861,High Stress
27.97860518,27.87677456,21.7803975,53.67577681,345.6099178,7.149109956,23.19825898,42.5052985,35.52575173,48.4025291,1.250633068,Moderate Stress
27.17395489,25.82031696,16.08583889,69.96887071,619.0788904,6.671613754,30.03881732,36.04672435,16.09262235,34.84103315,0.43294038,Moderate Stress
30.2079825,18.16656692,21.65797127,60.97186215,837.5802803,6.991395421,40.23225024,40.57547731,18.65297662,37.13500803,0.665014302,Healthy
36.82951588,28.06669622,22.73542426,56.28460653,870.6119909,7.000793378,21.95708548,29.38195021,32.96075909,39.05939456,1.237668075,Healthy
31.40597509,18.1266679,20.10530877,42.3642244,976.2417007,5.671250738,13.39505944,17.91295652,12.93866112,35.52866033,0.246595986,High Stress
20.41264607,19.66627694,23.44250711,60.04484584,740.3516024,5.641687583,48.85921244,23.49644641,22.85650285,21.07901724,1.881903598,Moderate Stress
24.28581197,27.21133756,23.16801809,59.76308409,784.3945398,6.944469062,48.46802442,10.03721056,21.32012513,37.57986675,1.820750318,Moderate Stress
24.73803548,24.1777714,22.44351726,40.77412135,816.037731,6.834446449,37.02052687,42.59649466,15.96204861,49.55252226,1.394585396,Moderate Stress
29.23441607,21.70824115,15.36254535,69.04051905,940.5719187,6.16815957,47.73779352,25.27849747,49.58207522,21.02648941,1.185479546,Moderate Stress
36.54169137,28.54490674,24.25639601,59.73210503,867.9083977,6.504666099,16.99198437,15.31921603,43.35952218,34.53012749,0.374608005,Moderate Stress
34.73815018,21.62768446,20.9432117,42.21225455,880.677799,6.526150096,43.18071046,47.55041542,34.54372413,22.57601669,1.157302167,Healthy
26.71551956,21.09657849,22.49828863,56.91310761,517.3138178,7.10005756,27.39534499,10.987088,49.92147589,47.49154241,1.314912666,Moderate Stress
33.18818409,24.29349009,24.28479509,59.21253665,366.6644292,6.036714892,25.13584068,20.50275179,26.07865522,38.46881617,0.756324727,Healthy
23.32727159,26.41053931,15.08796692,62.44910706,645.9760338,5.717953255,10.94483964,15.83781749,13.91067449,31.40805393,1.966067698,High Stress
37.74428452,19.42036946,21.41945939,52.18598663,413.6758584,6.38176461,48.4514919,33.98220197,46.03958729,22.84098677,0.96909971,Healthy
21.05538524,24.60568774,19.86005135,69.96201526,352.0178715,6.322163928,34.33998812,16.19344806,35.28137942,38.44028612,0.589029978,Moderate Stress
10.91006195,26.43198768,19.84210523,50.31566376,416.9436889,7.056360186,17.31190829,37.04327565,21.83058881,29.63847891,0.709598078,High Stress
16.5806018,20.90773346,24.41364891,69.65965138,448.764869,7.235169183,26.70771137,26.79137855,17.94686142,41.62096346,1.228868771,High Stress
23.2917138,27.0780006,16.33825517,62.49826141,679.1856977,5.508953625,33.59852875,41.19848546,22.32184341,26.77206124,1.072293412,Moderate Stress
33.9710736,26.6064643,22.11428529,67.79693436,833.1776261,6.981233798,22.45861421,28.44331826,35.43525886,45.1772278,1.978329205,Healthy
39.71959742,23.31285964,18.0992048,57.78763503,394.4906654,6.828916359,35.65618458,29.84514436,21.88650854,47.67327532,1.690462287,Healthy
24.27227312,28.35525214,22.46557005,58.78689045,983.2705596,6.617171622,44.63568365,32.11226972,32.48530296,29.11819775,1.531953603,Moderate Stress
12.47169112,24.62537505,18.58386377,63.96896046,363.9213527,6.756202562,12.50349841,46.29711011,46.33575426,23.9712547,0.304382018,High Stress
35.27567889,20.47533216,24.83555009,67.75573737,554.3466043,6.505550955,18.17119217,35.14213021,45.48649328,48.37939953,1.626879161,Moderate Stress
17.00931426,28.18655296,20.7550505,60.52844371,681.775851,6.200424898,47.78763974,31.50839631,31.32720646,24.49491199,1.921912271,High Stress
16.43158844,27.31980592,17.82384448,64.64765921,665.3571185,6.24613853,29.51920128,47.57943626,36.41945961,45.80644301,1.35711664,High Stress
19.65000764,20.10013078,15.11018399,45.9205581,698.4869464,6.657450733,40.18200397,26.50439268,19.52672671,41.03948344,0.793336179,High Stress
35.56537476,19.23179871,24.07403151,63.72483184,722.1555749,6.453103176,24.5378188,27.25498709,33.47966985,43.94703659,1.511676652,Healthy
15.34920922,27.10960922,19.15094995,56.56279983,755.4283222,6.309110578,15.81925899,41.36782416,42.65670348,21.32301794,0.216278805,High Stress
17.04389953,25.62972158,21.21872037,46.70732838,699.0759248,7.120071566,24.4594727,16.35524341,35.23600905,38.42090249,0.454055711,High Stress
10.78518718,21.94457998,15.54568443,64.53120089,380.6354927,7.234812098,39.64639936,35.45227751,44.3450286,35.26766344,1.969196915,High Stress
30.64149186,23.07963357,15.15238824,68.25148332,561.0498648,5.730038553,21.18577353,41.99193521,25.51293632,42.19407503,0.834848518,Healthy
14.10709586,28.44803608,18.42832366,68.39384081,433.4808968,6.970884553,10.37586739,43.00802176,22.62676366,48.88499365,1.881882039,High Stress
16.80822928,27.53009812,22.28924138,43.87855588,888.2026388,5.663713711,14.13426417,46.96327465,12.0834405,22.82133123,1.760397321,High Stress
22.34364766,19.31463586,19.14336558,58.65234805,368.4971126,6.53984663,33.17792066,12.49393212,36.74291636,41.75166952,1.936856363,Moderate Stress
36.66483994,27.8525523,16.28602942,59.69068352,885.2675029,6.909631687,38.98470494,13.68568131,47.7006595,20.43217869,1.59999641,Healthy
28.30275957,23.87888625,24.0964552,64.5963726,918.4898896,7.158486195,28.93372443,28.20350155,43.07903411,28.55026616,1.446091471,Moderate Stress
36.48485781,18.67586509,18.0986476,65.93755508,752.8871647,6.576675849,40.58141,41.35201063,36.27350767,23.37821448,1.04995533,Healthy
13.71006669,27.4207993,21.66664537,40.48792219,633.4426595,6.342735665,33.65252987,33.08028675,46.71143752,34.336211,0.067482649,High Stress
20.20140852,18.71906964,23.27406161,66.91518421,962.1001282,7.307265607,20.70580238,11.30617166,18.70900946,29.11790056,1.626033133,Moderate Stress
16.8526721,22.24350745,17.93508959,41.05566174,226.5462634,6.614127623,34.46955026,29.1298725,13.0251789,35.66455781,1.870019123,High Stress
25.37934879,24.19356343,15.2056178,65.50682412,730.7521038,5.581178204,25.29098045,46.44429492,19.57566096,34.70518276,0.909214252,Moderate Stress
14.44278071,29.51864541,19.5111717,61.32077825,254.0771559,6.628783549,46.01254294,37.79177136,46.43032422,41.12001172,0.287378181,High Stress
20.82581118,21.82969715,24.05766565,54.0249173,921.8975813,7.291091707,45.96101925,14.47777638,41.22782096,47.51136881,0.062687447,Moderate Stress
34.93306556,20.7226444,19.26016129,51.62803634,812.5237765,6.917934198,16.34077117,27.19903267,36.93922856,28.58223415,0.941313489,Moderate Stress
15.90833905,29.62156934,19.03632489,43.78107913,811.5226598,6.143542526,41.40544734,18.70872534,46.84372369,22.49124974,0.087318017,High Stress
38.28528037,23.78824133,22.09173048,57.92465426,984.8672051,6.475364781,17.76360567,45.37898911,38.9373835,44.55093713,1.250087481,Moderate Stress
34.37126113,24.19322949,15.06199085,66.99966196,352.4460469,7.370129471,43.7712724,39.52004844,33.593838,30.18099272,1.158275571,Healthy
11.44312755,29.64355166,19.64461407,57.37972092,894.7565423,6.02233929,48.62866771,45.86511248,36.30523547,38.06809884,0.3764621,High Stress
16.18844531,27.03981001,20.63468941,67.178294,423.1193809,7.017965726,27.38981098,36.32040208,11.91438408,43.03459122,1.889781194,High Stress
22.53287805,22.32983499,21.10472756,51.17023407,767.7883582,5.584587838,12.09111649,27.16437801,25.48883696,36.33896191,0.112198103,High Stress
27.8888668,28.04684,17.24571402,62.27244415,547.9064631,7.305595577,27.41819265,22.20048455,15.11014224,42.25481795,1.762601465,Moderate Stress
18.83941502,26.19792878,18.1036259,42.91622021,618.9438825,5.966890666,48.23003205,30.04563079,19.47444967,37.76738173,0.374748801,High Stress
37.81929713,29.31324971,23.40971002,41.00695915,755.927433,6.739893904,43.335375,25.39982041,12.22138803,37.11650436,0.205972498,Healthy
19.23711792,27.99517186,19.35361288,61.33707995,795.2880169,7.255786459,35.5574483,20.16809304,33.49533023,34.93555562,0.770932913,High Stress
30.8770732,22.74212887,17.58131898,48.37059859,895.1133715,7.251113413,40.35974345,24.56729986,31.09298259,32.59226289,0.646368476,Healthy
39.10646775,24.12276708,24.29363008,49.32913247,928.2398222,6.090777286,33.59517169,22.62969064,33.23912002,32.52841158,0.225957528,Healthy
27.47477544,27.15867709,23.84185322,60.51701594,408.7288185,7.368430509,38.19988054,29.67785464,40.48898064,30.21628201,0.812817629,Moderate Stress
23.64139919,21.99699746,23.55082239,43.89654653,340.8872742,6.828317286,15.18811639,38.76719603,47.6992966,30.20028115,1.29543996,Moderate Stress
16.9661586,19.4023279,15.83036094,48.40702117,489.10823,6.859885323,16.60590711,28.95366918,24.85636478,24.93991689,1.586818186,High Stress
20.02867922,23.26134629,23.64609936,64.81210858,843.7902632,7.12929778,41.38359303,37.96298177,35.52088937,38.35588082,0.815752913,Moderate Stress
11.36599714,21.36601219,17.10633028,48.57999129,766.3602357,6.080022016,36.44367986,26.24603257,11.56322371,33.17598737,1.609870661,High Stress
10.08486539,24.49266335,22.98154961,62.59368271,261.9521948,6.265882351,37.98240052,11.2472644,21.86175873,25.61231088,1.076481572,High Stress
31.992967,21.49535876,21.74613345,63.52809034,441.1791707,5.694421452,47.13709749,43.53517883,42.61338626,36.52661066,1.982226376,Healthy
30.54657928,23.72091969,18.67209927,56.48246976,926.1613517,7.251077769,32.99726132,46.08756056,26.77255942,21.12808523,0.043119749,Healthy
16.04861123,29.61260355,16.636631,45.46449775,833.1746591,7.427093649,38.52334514,18.31876572,42.27011762,20.09224493,1.121254335,High Stress
38.34608206,25.02847661,24.7084481,46.83699265,509.2423301,7.176634531,35.07953873,23.25690421,45.70421122,46.79510586,0.219316315,Healthy
29.72082489,28.21244316,23.39948396,54.60688389,338.5308642,6.102391118,16.7956464,36.80890248,41.68353288,44.88830709,0.446780478,Moderate Stress
18.33295853,25.31918694,17.844787,51.99101768,829.0862007,6.244383456,29.73584622,28.67908958,36.60517838,39.97046775,1.007463178,High Stress
11.55298246,22.16017773,16.32944743,46.99823452,921.7123874,5.942638088,13.44878403,12.40934793,15.36086333,23.56533311,1.756761741,High Stress
20.66128753,19.31212393,19.64331219,68.70975113,241.1868697,6.100653269,34.04624866,15.38262072,32.47108026,31.5595522,0.102676656,Moderate Stress
13.59234118,22.22637901,19.29564845,46.33111813,505.7693965,6.797664462,20.54511132,28.2723057,30.01759978,31.30147423,0.274459949,High Stress
26.23621346,26.82827929,23.74430588,59.96600679,618.3844211,7.080154417,32.46881444,33.10381082,17.18476113,48.7215941,0.832167618,Moderate Stress
31.76196582,27.30237547,21.37076827,68.22405254,222.1799316,6.9798158,21.59363977,30.55453474,38.96054329,40.07028851,0.842993858,Healthy
30.98180738,24.64436242,21.70766348,62.74650895,705.8287751,6.85282004,48.22510362,46.60488222,33.55011846,35.63971498,1.811755727,Healthy
39.2322332,28.53412385,21.82311356,40.45068901,700.3661573,7.425449932,26.96555915,22.98961552,49.57325879,47.4066708,0.579300244,Healthy
33.57612061,21.53531657,18.98488761,46.35592468,430.8380723,7.483986222,28.26895454,39.68067114,27.77407617,48.25398689,0.985966171,Healthy
33.17869149,22.55643721,19.21450825,61.88170506,267.5286654,5.870640376,36.35016813,27.57935362,40.09888738,43.5790552,1.409170346,Healthy
11.80262028,22.85459337,18.14762723,56.86992811,570.8640304,6.664310581,32.51758535,20.72726194,16.67264333,32.49905015,0.275545508,High Stress
14.53895362,21.86218601,24.98565237,47.47278274,709.5857033,5.589348302,32.29863456,26.4574547,35.3515866,33.48927285,1.941980696,High Stress
21.10154427,21.22452332,20.44301921,47.41202439,330.1084535,5.525474554,33.28851194,44.8552377,21.08715468,40.31372238,0.98393621,Moderate Stress
28.32922481,25.53536311,22.74707576,53.09694008,424.4386665,7.130092233,15.29343674,26.6749858,37.76335858,26.76714553,1.38695635,Moderate Stress
29.52578375,29.37942192,23.52193395,41.45004863,305.9670213,6.219657546,36.62539058,22.92136557,14.31277119,49.87681877,1.284776553,Moderate Stress
11.79043565,21.89144754,22.46686824,46.78188061,859.5072055,6.026422823,37.32024354,45.48083073,29.54364579,31.52267944,1.660736627,High Stress
31.28526897,27.78070087,15.60121835,41.61572851,434.7703169,6.775305966,49.80312658,23.75162272,18.19959925,30.07060859,1.636534817,Healthy
29.66578009,27.60528504,15.38169909,54.66819556,650.5368535,5.715289201,29.9931071,14.91446977,21.56074653,24.27322407,0.714553463,Moderate Stress
15.49078217,22.10811192,15.22103266,61.24314265,768.7607875,5.958956578,45.25867844,25.21624793,31.94071732,30.93067594,1.448028921,High Stress
23.4957228,21.68023971,15.49976449,40.69367065,293.6433659,7.419156555,38.35118886,48.65607815,28.47323256,38.32448426,0.880018506,Moderate Stress
30.97167529,23.01948793,21.9349176,41.38710661,492.9520141,5.855766717,49.40254995,23.84397066,19.75004186,46.02752857,0.344597418,Healthy
24.40635651,25.72460506,23.3585726,47.50539411,304.2015655,6.12204198,29.65928716,34.3725863,10.48606198,41.97709831,0.047540574,Moderate Stress
